id,claim_id,stage,event_type,payload,model_versions,duration_ms,created_at
02cf82e4-758c-473a-b7b1-c88d39597e97,507923d5-c5fb-47db-abe9-48d58d828ab7,fraud_engine,completed,"{""fraud_score"": 0.35, ""risk_band"": ""medium"", ""recommended_action"": ""manual_review"", ""tiers_evaluated"": 3, ""tier1_score"": 0.5, ""tier2_score"": 0.4, ""tier3_score"": 0.2, ""diagnostics"": {""primary_path"": {""tier2"": ""fallback_local"", ""tier3"": ""fallback_relational""}, ""services"": {""cohere"": {""used"": false, ""ok"": null, ""skipped_reason"": ""disabled""}, ""qdrant"": {""used"": false, ""ok"": null, ""skipped_reason"": ""disabled""}, ""jina"": {""used"": false, ""ok"": null, ""skipped_reason"": ""disabled""}, ""neo4j"": {""used"": true, ""ok"": false, ""fallback_used"": false, ""latency_ms"": 0, ""error"": ""Neo4j not initialized""}}, ""fallbacks"": [{""component"": ""tier2"", ""fallback"": ""fallback_local"", ""reason"": ""disabled""}, {""component"": ""tier3"", ""fallback"": ""fallback_relational"", ""reason"": ""upsert failed: Neo4j not initialized""}], ""timing_ms"": {""tier1"": 557, ""tier2"": 282, ""tier3"": 292, ""total"": 1705}}}",{},4345,2026-02-22 10:15:07.481031+00
036dd439-b62e-4666-8d49-d64401b95f27,2d40ed8b-b505-4fdf-91e5-1dd8b2dacef9,fraud_engine,completed,"{""fraud_score"": 0.115, ""risk_band"": ""low"", ""recommended_action"": ""none"", ""tiers_evaluated"": 3, ""tier1_score"": 0.0, ""tier2_score"": 0.25, ""tier3_score"": 0.1, ""diagnostics"": {""primary_path"": {""tier2"": ""fallback_local"", ""tier3"": ""fallback_relational""}, ""services"": {""cohere"": {""used"": false, ""ok"": null, ""skipped_reason"": ""disabled""}, ""qdrant"": {""used"": false, ""ok"": null, ""skipped_reason"": ""disabled""}, ""neo4j"": {""used"": false, ""ok"": null, ""skipped_reason"": ""disabled""}, ""jina"": {""used"": false, ""ok"": null, ""skipped_reason"": ""disabled""}}, ""fallbacks"": [{""component"": ""qdrant"", ""fallback"": ""local_similarity"", ""reason"": ""disabled""}, {""component"": ""neo4j"", ""fallback"": ""relational_graph"", ""reason"": ""disabled""}], ""timing_ms"": {""tier1"": 564, ""tier2"": 263, ""tier3"": 272, ""total"": 1644}}}",{},3687,2026-02-22 07:30:11.637663+00
0516cf02-f9f1-498a-a0a4-1dc5518a1ec6,507923d5-c5fb-47db-abe9-48d58d828ab7,fraud_engine,started,{},{},,2026-02-22 10:58:32.733833+00
06c23db4-6cf4-4a16-b85b-3117095f29d2,dd9701c6-620a-4956-a0e5-e88a845ae924,policy_engine,started,{},{},,2026-02-21 12:37:29.247959+00
074b8792-a8c1-4827-8325-1835da2a8ba3,2d40ed8b-b505-4fdf-91e5-1dd8b2dacef9,fraud_engine,started,{},{},,2026-02-22 08:06:48.799161+00
0838101d-a159-479f-b7d1-397dd1486df8,b6e94023-2764-4638-9a92-eca1515079d2,policy_engine,completed,"{""layer"": 2, ""ruleset_id"": ""a3606082-8539-4a3f-a7fa-9bdab93dd8f1"", ""status"": ""APPROVE"", ""rules_failed"": [], ""rules_flagged"": [], ""recommended_amount"": 45000.0, ""analytics_tags"": {""policy_violation_count"": 0, ""doc_gaps_count"": 0, ""hard_reject"": false, ""review_required"": false}}",{},803,2026-02-22 07:30:15.365505+00
0853f4f9-8d09-4c1b-954f-fd7019b36777,507923d5-c5fb-47db-abe9-48d58d828ab7,fraud_engine,completed,"{""fraud_score"": 0.33, ""risk_band"": ""medium"", ""recommended_action"": ""manual_review"", ""tiers_evaluated"": 3, ""tier1_score"": 0.5, ""tier2_score"": 0.4, ""tier3_score"": 0.15, ""diagnostics"": {""primary_path"": {""tier2"": ""fallback_local"", ""tier3"": ""fallback_relational""}, ""services"": {""cohere"": {""used"": false, ""ok"": null, ""skipped_reason"": ""disabled""}, ""qdrant"": {""used"": false, ""ok"": null, ""skipped_reason"": ""disabled""}, ""neo4j"": {""used"": false, ""ok"": null, ""skipped_reason"": ""disabled""}, ""jina"": {""used"": false, ""ok"": null, ""skipped_reason"": ""disabled""}}, ""fallbacks"": [{""component"": ""qdrant"", ""fallback"": ""local_similarity"", ""reason"": ""disabled""}, {""component"": ""neo4j"", ""fallback"": ""relational_graph"", ""reason"": ""disabled""}], ""timing_ms"": {""tier1"": 595, ""tier2"": 328, ""tier3"": 306, ""total"": 1689}}}",{},3907,2026-02-22 07:58:36.953615+00
0a93f661-ebbd-4b73-a3f2-c25d9bc853ec,507923d5-c5fb-47db-abe9-48d58d828ab7,fraud_engine,completed,"{""fraud_score"": 0.35, ""risk_band"": ""medium"", ""recommended_action"": ""manual_review"", ""tiers_evaluated"": 3, ""tier1_score"": 0.5, ""tier2_score"": 0.4, ""tier3_score"": 0.2, ""diagnostics"": {""primary_path"": {""tier2"": ""fallback_local"", ""tier3"": ""fallback_relational""}, ""services"": {""cohere"": {""used"": false, ""ok"": null, ""skipped_reason"": ""disabled""}, ""qdrant"": {""used"": false, ""ok"": null, ""skipped_reason"": ""disabled""}, ""jina"": {""used"": false, ""ok"": null, ""skipped_reason"": ""disabled""}, ""neo4j"": {""used"": true, ""ok"": false, ""fallback_used"": false, ""latency_ms"": 0, ""error"": ""Neo4j not initialized""}}, ""fallbacks"": [{""component"": ""tier2"", ""fallback"": ""fallback_local"", ""reason"": ""disabled""}, {""component"": ""tier3"", ""fallback"": ""fallback_relational"", ""reason"": ""upsert failed: Neo4j not initialized""}], ""timing_ms"": {""tier1"": 536, ""tier2"": 275, ""tier3"": 280, ""total"": 1645}}}",{},4249,2026-02-22 09:03:09.445611+00
0ad03ba6-3a66-4da9-b4b3-562b038dbdcb,2d40ed8b-b505-4fdf-91e5-1dd8b2dacef9,fraud_engine,completed,"{""fraud_score"": 0.155, ""risk_band"": ""low"", ""recommended_action"": ""none"", ""tiers_evaluated"": 3, ""tier1_score"": 0.0, ""tier2_score"": 0.25, ""tier3_score"": 0.2, ""diagnostics"": {""primary_path"": {""tier2"": ""fallback_local"", ""tier3"": ""fallback_relational""}, ""services"": {""cohere"": {""used"": false, ""ok"": null, ""skipped_reason"": ""disabled""}, ""qdrant"": {""used"": false, ""ok"": null, ""skipped_reason"": ""disabled""}, ""jina"": {""used"": false, ""ok"": null, ""skipped_reason"": ""disabled""}, ""neo4j"": {""used"": false, ""ok"": null, ""skipped_reason"": ""disabled""}}, ""fallbacks"": [{""component"": ""tier2"", ""fallback"": ""fallback_local"", ""reason"": ""disabled""}, {""component"": ""tier3"", ""fallback"": ""fallback_relational"", ""reason"": ""disabled""}], ""timing_ms"": {""tier1"": 536, ""tier2"": 267, ""tier3"": 329, ""total"": 1679}}}",{},3741,2026-02-22 08:58:52.960871+00
0b41dd23-c3e8-4cd1-909d-2aaabc6441ff,507923d5-c5fb-47db-abe9-48d58d828ab7,fraud_engine,started,{},{},,2026-02-22 08:59:09.137867+00
0cf60535-0ee1-497d-8348-2c593c977cc9,507923d5-c5fb-47db-abe9-48d58d828ab7,fraud_engine,started,{},{},,2026-02-22 10:53:36.214848+00
0cfb76fb-c9c8-4289-81eb-6ec9b79323c6,ad27d7a4-c232-4ec4-83e5-e280b10d1140,policy_engine,completed,"{""layer"": 2, ""ruleset_id"": ""a3606082-8539-4a3f-a7fa-9bdab93dd8f1"", ""status"": ""APPROVE"", ""rules_failed"": [], ""rules_flagged"": [], ""recommended_amount"": 500000.0, ""analytics_tags"": {""policy_violation_count"": 0, ""doc_gaps_count"": 0, ""hard_reject"": false, ""review_required"": false}}",{},952,2026-02-22 16:31:18.879446+00
0d9f16d2-2816-49fe-93c4-5c670f37e0c6,507923d5-c5fb-47db-abe9-48d58d828ab7,fraud_engine,completed,"{""fraud_score"": 0.15, ""risk_band"": ""low"", ""recommended_action"": ""none"", ""tiers_evaluated"": 3, ""tier1_score"": 0.5, ""tier2_score"": 0.0, ""tier3_score"": 0.0, ""diagnostics"": {""primary_path"": {""tier2"": ""qdrant"", ""tier3"": ""neo4j""}, ""services"": {""jina"": {""used"": false, ""ok"": null, ""skipped_reason"": ""already embedded""}, ""cohere"": {""used"": false, ""ok"": null, ""skipped_reason"": ""already embedded""}, ""qdrant"": {""used"": true, ""ok"": true, ""fallback_used"": false, ""latency_ms"": 295}, ""neo4j"": {""used"": true, ""ok"": true, ""fallback_used"": false, ""latency_ms"": 671}}, ""fallbacks"": [], ""timing_ms"": {""tier1"": 553, ""tier2"": 3437, ""tier3"": 672, ""total"": 5210}}}",{},7863,2026-02-22 16:36:19.326331+00
0dc6637f-bc75-4783-aa0e-40e6f3335833,507923d5-c5fb-47db-abe9-48d58d828ab7,fraud_engine,completed,"{""fraud_score"": 0.15, ""risk_band"": ""low"", ""recommended_action"": ""none"", ""tiers_evaluated"": 3, ""tier1_score"": 0.5, ""tier2_score"": 0.0, ""tier3_score"": 0.0, ""diagnostics"": {""primary_path"": {""tier2"": ""qdrant"", ""tier3"": ""neo4j""}, ""services"": {""jina"": {""used"": true, ""ok"": false, ""fallback_used"": false, ""latency_ms"": 1360, ""error"": ""Jina HTTP error: 422 Client Error: Unprocessable Entity for url: https://api.jina.ai/v1/embeddings""}, ""cohere"": {""used"": false, ""ok"": null, ""skipped_reason"": ""already embedded""}, ""qdrant"": {""used"": true, ""ok"": true, ""fallback_used"": false, ""latency_ms"": 279}, ""neo4j"": {""used"": true, ""ok"": true, ""fallback_used"": false, ""latency_ms"": 621}}, ""fallbacks"": [], ""timing_ms"": {""tier1"": 560, ""tier2"": 5465, ""tier3"": 622, ""total"": 7276}}}",{},9930,2026-02-22 10:55:51.930704+00
0df7ae01-31a8-4738-a1dc-df974cfec0bf,507923d5-c5fb-47db-abe9-48d58d828ab7,fraud_engine,started,{},{},,2026-02-22 11:04:10.40404+00
0e13c1b5-880d-4f4a-b4df-fbcff9099841,507923d5-c5fb-47db-abe9-48d58d828ab7,fraud_engine,started,{},{},,2026-02-22 09:03:25.251719+00
1138c12a-1021-459a-bf31-672616b4c4a4,507923d5-c5fb-47db-abe9-48d58d828ab7,fraud_engine,started,{},{},,2026-02-22 11:00:51.13468+00
118a0367-e668-4619-beda-4f404d3f0e98,2d40ed8b-b505-4fdf-91e5-1dd8b2dacef9,fraud_engine,completed,"{""fraud_score"": 0.115, ""risk_band"": ""low"", ""recommended_action"": ""none"", ""tiers_evaluated"": 3, ""tier1_score"": 0.0, ""tier2_score"": 0.25, ""tier3_score"": 0.1, ""diagnostics"": {""primary_path"": {""tier2"": ""fallback_local"", ""tier3"": ""fallback_relational""}, ""services"": {""cohere"": {""used"": false, ""ok"": null, ""skipped_reason"": ""disabled""}, ""qdrant"": {""used"": false, ""ok"": null, ""skipped_reason"": ""disabled""}, ""neo4j"": {""used"": false, ""ok"": null, ""skipped_reason"": ""disabled""}, ""jina"": {""used"": false, ""ok"": null, ""skipped_reason"": ""disabled""}}, ""fallbacks"": [{""component"": ""qdrant"", ""fallback"": ""local_similarity"", ""reason"": ""disabled""}, {""component"": ""neo4j"", ""fallback"": ""relational_graph"", ""reason"": ""disabled""}], ""timing_ms"": {""tier1"": 623, ""tier2"": 300, ""tier3"": 302, ""total"": 1831}}}",{},4114,2026-02-22 07:58:16.080139+00
119134fd-6020-4f18-8a3e-07df7b42cba1,507923d5-c5fb-47db-abe9-48d58d828ab7,fraud_engine,started,{},{},,2026-02-22 10:12:58.247132+00
13f4c1de-46e6-44ce-8c7d-204c421039e1,507923d5-c5fb-47db-abe9-48d58d828ab7,fraud_engine,completed,"{""fraud_score"": 0.35, ""risk_band"": ""medium"", ""recommended_action"": ""manual_review"", ""tiers_evaluated"": 3, ""tier1_score"": 0.5, ""tier2_score"": 0.4, ""tier3_score"": 0.2, ""diagnostics"": {""primary_path"": {""tier2"": ""fallback_local"", ""tier3"": ""fallback_relational""}, ""services"": {""jina"": {""used"": false, ""ok"": null, ""skipped_reason"": ""disabled""}, ""cohere"": {""used"": true, ""ok"": false, ""fallback_used"": false, ""latency_ms"": 0, ""error"": ""missing COHERE_API_KEY""}, ""neo4j"": {""used"": false, ""ok"": null, ""skipped_reason"": ""disabled""}}, ""fallbacks"": [{""component"": ""tier2"", ""fallback"": ""fallback_local"", ""reason"": ""cohere failed: missing COHERE_API_KEY""}, {""component"": ""tier3"", ""fallback"": ""fallback_relational"", ""reason"": ""disabled""}], ""timing_ms"": {""tier1"": 550, ""tier2"": 285, ""tier3"": 278, ""total"": 1669}}}",{},4304,2026-02-22 10:21:10.147861+00
1425a00a-8795-41f3-81cd-89ef9df152cd,507923d5-c5fb-47db-abe9-48d58d828ab7,fraud_engine,started,{},{},,2026-02-22 10:34:43.032977+00
15266f30-b70a-4d2e-bdd9-cf6997ad4ea0,d3f3ad89-04d7-4b86-b5e4-394bfe42aa57,fraud_engine,started,{},{},,2026-02-22 08:59:02.503248+00
1563deb6-1af0-4a54-b747-1fec767af981,507923d5-c5fb-47db-abe9-48d58d828ab7,fraud_engine,completed,"{""fraud_score"": 0.15, ""risk_band"": ""low"", ""recommended_action"": ""none"", ""tiers_evaluated"": 3, ""tier1_score"": 0.5, ""tier2_score"": 0.0, ""tier3_score"": 0.0, ""diagnostics"": {""primary_path"": {""tier2"": ""qdrant"", ""tier3"": ""neo4j""}, ""services"": {""jina"": {""used"": false, ""ok"": null, ""skipped_reason"": ""already embedded""}, ""cohere"": {""used"": false, ""ok"": null, ""skipped_reason"": ""already embedded""}, ""qdrant"": {""used"": true, ""ok"": true, ""fallback_used"": false, ""latency_ms"": 289}, ""neo4j"": {""used"": true, ""ok"": true, ""fallback_used"": false, ""latency_ms"": 576}}, ""fallbacks"": [], ""timing_ms"": {""tier1"": 583, ""tier2"": 3379, ""tier3"": 577, ""total"": 5102}}}",{},7865,2026-02-22 11:01:11.716284+00
156517e8-acf8-4b9c-a40e-1ef2699fa188,d3f3ad89-04d7-4b86-b5e4-394bfe42aa57,policy_engine,started,{},{},,2026-02-21 12:37:25.870754+00
15da5caa-c44c-4c4c-a73a-700fb01a3992,dd9701c6-620a-4956-a0e5-e88a845ae924,fraud_engine,started,{},{},,2026-02-22 08:58:42.530345+00
1a7eea7d-d891-474b-8e55-d13b50355f8b,b6e94023-2764-4638-9a92-eca1515079d2,fraud_engine,started,{},{},,2026-02-22 09:31:27.831244+00
1af0dbee-f7d1-42bf-b99a-83ca8cb07618,b6e94023-2764-4638-9a92-eca1515079d2,fraud_engine,completed,"{""fraud_score"": 0.0, ""risk_band"": ""low"", ""recommended_action"": ""none"", ""tiers_evaluated"": 3, ""tier1_score"": 0.0, ""tier2_score"": 0.0, ""tier3_score"": 0.0, ""diagnostics"": {""primary_path"": {""tier2"": ""fallback_local"", ""tier3"": ""fallback_relational""}, ""services"": {""cohere"": {""used"": false, ""ok"": null, ""skipped_reason"": ""disabled""}, ""qdrant"": {""used"": false, ""ok"": null, ""skipped_reason"": ""disabled""}, ""neo4j"": {""used"": false, ""ok"": null, ""skipped_reason"": ""disabled""}, ""jina"": {""used"": false, ""ok"": null, ""skipped_reason"": ""disabled""}}, ""fallbacks"": [{""component"": ""qdrant"", ""fallback"": ""local_similarity"", ""reason"": ""disabled""}, {""component"": ""neo4j"", ""fallback"": ""relational_graph"", ""reason"": ""disabled""}], ""timing_ms"": {""tier1"": 597, ""tier2"": 309, ""tier3"": 314, ""total"": 1816}}}",{},4066,2026-02-22 07:58:23.12132+00
1af887ff-47c0-43dd-bb32-047f4242d0e8,507923d5-c5fb-47db-abe9-48d58d828ab7,fraud_engine,completed,"{""fraud_score"": 0.35, ""risk_band"": ""medium"", ""recommended_action"": ""manual_review"", ""tiers_evaluated"": 3, ""tier1_score"": 0.5, ""tier2_score"": 0.4, ""tier3_score"": 0.2, ""diagnostics"": {""primary_path"": {""tier2"": ""fallback_local"", ""tier3"": ""fallback_relational""}, ""services"": {""cohere"": {""used"": false, ""ok"": null, ""skipped_reason"": ""disabled""}, ""qdrant"": {""used"": false, ""ok"": null, ""skipped_reason"": ""disabled""}, ""jina"": {""used"": false, ""ok"": null, ""skipped_reason"": ""disabled""}, ""neo4j"": {""used"": false, ""ok"": null, ""skipped_reason"": ""disabled""}}, ""fallbacks"": [{""component"": ""tier2"", ""fallback"": ""fallback_local"", ""reason"": ""disabled""}, {""component"": ""tier3"", ""fallback"": ""fallback_relational"", ""reason"": ""disabled""}], ""timing_ms"": {""tier1"": 552, ""tier2"": 272, ""tier3"": 284, ""total"": 1665}}}",{},3723,2026-02-22 09:01:46.876014+00
1c725e6d-4d89-4cb5-98ae-3b6d29df5246,507923d5-c5fb-47db-abe9-48d58d828ab7,fraud_engine,started,{},{},,2026-02-22 10:54:05.625288+00
1d1a67b8-796b-4a7b-8c9f-0350de3322fc,507923d5-c5fb-47db-abe9-48d58d828ab7,fraud_engine,started,{},{},,2026-02-22 09:01:43.15464+00
1d307a82-f755-4bec-9a5a-d82c863f56de,507923d5-c5fb-47db-abe9-48d58d828ab7,fraud_engine,completed,"{""fraud_score"": 0.27, ""risk_band"": ""low"", ""recommended_action"": ""none"", ""tiers_evaluated"": 3, ""tier1_score"": 0.5, ""tier2_score"": 0.4, ""tier3_score"": 0.0, ""diagnostics"": {""primary_path"": {""tier2"": ""fallback_local"", ""tier3"": ""neo4j""}, ""services"": {""jina"": {""used"": true, ""ok"": false, ""fallback_used"": false, ""latency_ms"": 1225, ""error"": ""Jina HTTP error: 422 Client Error: Unprocessable Entity for url: https://api.jina.ai/v1/embeddings""}, ""cohere"": {""used"": false, ""ok"": null, ""skipped_reason"": ""already embedded""}, ""qdrant"": {""used"": true, ""ok"": false, ""fallback_used"": false, ""latency_ms"": 0, ""error"": ""Search error: 'QdrantClient' object has no attribute 'search'""}, ""neo4j"": {""used"": true, ""ok"": true, ""fallback_used"": false, ""latency_ms"": 570}}, ""fallbacks"": [{""component"": ""tier2"", ""fallback"": ""fallback_local"", ""reason"": ""qdrant search failed: Search error: 'QdrantClient' object has no attribute 'search'""}], ""timing_ms"": {""tier1"": 579, ""tier2"": 4619, ""tier3"": 570, ""total"": 6362}}}",{},9790,2026-02-22 10:43:03.28619+00
1de619df-df71-4049-9f7b-fc7efad7518e,dd9701c6-620a-4956-a0e5-e88a845ae924,fraud_engine,started,{},{},,2026-02-22 09:25:29.612521+00
1ef32184-49bb-466e-9f64-34f43435ce7f,507923d5-c5fb-47db-abe9-48d58d828ab7,fraud_engine,completed,"{""fraud_score"": 0.15, ""risk_band"": ""low"", ""recommended_action"": ""none"", ""tiers_evaluated"": 3, ""tier1_score"": 0.5, ""tier2_score"": 0.0, ""tier3_score"": 0.0, ""diagnostics"": {""primary_path"": {""tier2"": ""qdrant"", ""tier3"": ""neo4j""}, ""services"": {""jina"": {""used"": true, ""ok"": false, ""fallback_used"": false, ""latency_ms"": 1996, ""error"": ""Jina HTTP error: 422 Client Error: Unprocessable Entity for url: https://api.jina.ai/v1/embeddings""}, ""cohere"": {""used"": false, ""ok"": null, ""skipped_reason"": ""already embedded""}, ""qdrant"": {""used"": true, ""ok"": true, ""fallback_used"": false, ""latency_ms"": 278}, ""neo4j"": {""used"": true, ""ok"": true, ""fallback_used"": false, ""latency_ms"": 591}}, ""fallbacks"": [], ""timing_ms"": {""tier1"": 594, ""tier2"": 5504, ""tier3"": 591, ""total"": 7291}}}",{},10074,2026-02-22 10:57:03.832237+00
205dcfa8-689d-4690-ba8b-0eb4e13a3e77,507923d5-c5fb-47db-abe9-48d58d828ab7,fraud_engine,started,{},{},,2026-02-22 10:13:35.828093+00
20d3b216-e113-45a3-a6d5-4d858367cc50,507923d5-c5fb-47db-abe9-48d58d828ab7,fraud_engine,completed,"{""fraud_score"": 0.35, ""risk_band"": ""medium"", ""recommended_action"": ""manual_review"", ""tiers_evaluated"": 3, ""tier1_score"": 0.5, ""tier2_score"": 0.4, ""tier3_score"": 0.2, ""diagnostics"": {""primary_path"": {""tier2"": ""fallback_local"", ""tier3"": ""fallback_relational""}, ""services"": {""cohere"": {""used"": false, ""ok"": null, ""skipped_reason"": ""disabled""}, ""qdrant"": {""used"": false, ""ok"": null, ""skipped_reason"": ""disabled""}, ""jina"": {""used"": false, ""ok"": null, ""skipped_reason"": ""disabled""}, ""neo4j"": {""used"": false, ""ok"": null, ""skipped_reason"": ""disabled""}}, ""fallbacks"": [{""component"": ""tier2"", ""fallback"": ""fallback_local"", ""reason"": ""disabled""}, {""component"": ""tier3"", ""fallback"": ""fallback_relational"", ""reason"": ""disabled""}], ""timing_ms"": {""tier1"": 553, ""tier2"": 279, ""tier3"": 282, ""total"": 1671}}}",{},4312,2026-02-22 09:27:06.079597+00
21010702-1ca9-4009-8df6-944e4b6dbe2c,507923d5-c5fb-47db-abe9-48d58d828ab7,fraud_engine,completed,"{""fraud_score"": 0.35, ""risk_band"": ""medium"", ""recommended_action"": ""manual_review"", ""tiers_evaluated"": 3, ""tier1_score"": 0.5, ""tier2_score"": 0.4, ""tier3_score"": 0.2, ""diagnostics"": {""primary_path"": {""tier2"": ""fallback_local"", ""tier3"": ""fallback_relational""}, ""services"": {""cohere"": {""used"": false, ""ok"": null, ""skipped_reason"": ""disabled""}, ""qdrant"": {""used"": false, ""ok"": null, ""skipped_reason"": ""disabled""}, ""jina"": {""used"": false, ""ok"": null, ""skipped_reason"": ""disabled""}, ""neo4j"": {""used"": true, ""ok"": false, ""fallback_used"": false, ""latency_ms"": 0, ""error"": ""Neo4j not initialized""}}, ""fallbacks"": [{""component"": ""tier2"", ""fallback"": ""fallback_local"", ""reason"": ""disabled""}, {""component"": ""tier3"", ""fallback"": ""fallback_relational"", ""reason"": ""upsert failed: Neo4j not initialized""}], ""timing_ms"": {""tier1"": 547, ""tier2"": 282, ""tier3"": 273, ""total"": 1648}}}",{},4285,2026-02-22 09:27:33.180747+00
236bb90f-67ed-4863-9c37-b3084217b780,507923d5-c5fb-47db-abe9-48d58d828ab7,fraud_engine,completed,"{""fraud_score"": 0.35, ""risk_band"": ""medium"", ""recommended_action"": ""manual_review"", ""tiers_evaluated"": 3, ""tier1_score"": 0.5, ""tier2_score"": 0.4, ""tier3_score"": 0.2, ""diagnostics"": {""primary_path"": {""tier2"": ""fallback_local"", ""tier3"": ""fallback_relational""}, ""services"": {""jina"": {""used"": false, ""ok"": null, ""skipped_reason"": ""disabled""}, ""cohere"": {""used"": true, ""ok"": false, ""fallback_used"": false, ""latency_ms"": 0, ""error"": ""cohere package not installed""}, ""neo4j"": {""used"": false, ""ok"": null, ""skipped_reason"": ""disabled""}}, ""fallbacks"": [{""component"": ""tier2"", ""fallback"": ""fallback_local"", ""reason"": ""cohere failed: cohere package not installed""}, {""component"": ""tier3"", ""fallback"": ""fallback_relational"", ""reason"": ""disabled""}], ""timing_ms"": {""tier1"": 566, ""tier2"": 271, ""tier3"": 272, ""total"": 1672}}}",{},4323,2026-02-22 09:27:24.167332+00
24bc262a-5317-4386-bb3f-197110bbbf9e,507923d5-c5fb-47db-abe9-48d58d828ab7,fraud_engine,started,{},{},,2026-02-22 10:42:53.474585+00
2517d134-3e8e-4fd8-8748-92ed7ecfedcc,dd9701c6-620a-4956-a0e5-e88a845ae924,fraud_engine,completed,"{""fraud_score"": 0.115, ""risk_band"": ""low"", ""recommended_action"": ""none"", ""tiers_evaluated"": 3, ""tier1_score"": 0.0, ""tier2_score"": 0.25, ""tier3_score"": 0.1, ""diagnostics"": {""primary_path"": {""tier2"": ""fallback_local"", ""tier3"": ""fallback_relational""}, ""services"": {""cohere"": {""used"": false, ""ok"": null, ""skipped_reason"": ""disabled""}, ""qdrant"": {""used"": false, ""ok"": null, ""skipped_reason"": ""disabled""}, ""neo4j"": {""used"": false, ""ok"": null, ""skipped_reason"": ""disabled""}, ""jina"": {""used"": false, ""ok"": null, ""skipped_reason"": ""disabled""}}, ""fallbacks"": [{""component"": ""qdrant"", ""fallback"": ""local_similarity"", ""reason"": ""disabled""}, {""component"": ""neo4j"", ""fallback"": ""relational_graph"", ""reason"": ""disabled""}], ""timing_ms"": {""tier1"": 633, ""tier2"": 301, ""tier3"": 312, ""total"": 1877}}}",{},4122,2026-02-22 07:58:44.421247+00
2555e6b0-0b8b-4a8b-b1e9-e46db5432aeb,507923d5-c5fb-47db-abe9-48d58d828ab7,fraud_engine,started,{},{},,2026-02-22 10:50:09.699063+00
256ee5f6-25d3-4b83-9800-8301fda09b74,e1c5f277-a48d-49fb-bca7-0ed8d38cfc5f,policy_engine,started,{},{},,2026-02-22 16:31:22.002215+00
2576b259-bab8-4465-8b3d-0a97a84e503f,d3f3ad89-04d7-4b86-b5e4-394bfe42aa57,fraud_engine,completed,"{""fraud_score"": 0.33, ""risk_band"": ""medium"", ""recommended_action"": ""manual_review"", ""tiers_evaluated"": 3, ""tier1_score"": 0.5, ""tier2_score"": 0.4, ""tier3_score"": 0.15, ""diagnostics"": {""primary_path"": {""tier2"": ""fallback_local"", ""tier3"": ""fallback_relational""}, ""services"": {""cohere"": {""used"": false, ""ok"": null, ""skipped_reason"": ""disabled""}, ""qdrant"": {""used"": false, ""ok"": null, ""skipped_reason"": ""disabled""}, ""neo4j"": {""used"": false, ""ok"": null, ""skipped_reason"": ""disabled""}, ""jina"": {""used"": false, ""ok"": null, ""skipped_reason"": ""disabled""}}, ""fallbacks"": [{""component"": ""qdrant"", ""fallback"": ""local_similarity"", ""reason"": ""disabled""}, {""component"": ""neo4j"", ""fallback"": ""relational_graph"", ""reason"": ""disabled""}], ""timing_ms"": {""tier1"": 481, ""tier2"": 309, ""tier3"": 294, ""total"": 1706}}}",{},3846,2026-02-22 07:58:30.021591+00
2627a2f2-8d49-43a9-83d1-c5a6dccba6b1,d3f3ad89-04d7-4b86-b5e4-394bfe42aa57,fraud_engine,started,{},{},,2026-02-22 08:07:02.439446+00
26824cf8-e0cb-4ee4-9609-c9720c74e435,2d40ed8b-b505-4fdf-91e5-1dd8b2dacef9,fraud_engine,completed,"{""fraud_score"": 0.115, ""risk_band"": ""low"", ""recommended_action"": ""none"", ""tiers_evaluated"": 3, ""tier1_score"": 0.0, ""tier2_score"": 0.25, ""tier3_score"": 0.1, ""diagnostics"": {""primary_path"": {""tier2"": ""fallback_local"", ""tier3"": ""fallback_relational""}, ""services"": {""cohere"": {""used"": false, ""ok"": null, ""skipped_reason"": ""disabled""}, ""qdrant"": {""used"": false, ""ok"": null, ""skipped_reason"": ""disabled""}, ""neo4j"": {""used"": false, ""ok"": null, ""skipped_reason"": ""disabled""}, ""jina"": {""used"": false, ""ok"": null, ""skipped_reason"": ""disabled""}}, ""fallbacks"": [{""component"": ""qdrant"", ""fallback"": ""local_similarity"", ""reason"": ""disabled""}, {""component"": ""neo4j"", ""fallback"": ""relational_graph"", ""reason"": ""disabled""}], ""timing_ms"": {""tier1"": 571, ""tier2"": 272, ""tier3"": 279, ""total"": 1671}}}",{},3767,2026-02-22 08:07:20.379707+00
26eaaa08-b618-4a94-800a-b1be9dcc8213,507923d5-c5fb-47db-abe9-48d58d828ab7,fraud_engine,completed,"{""fraud_score"": 0.15, ""risk_band"": ""low"", ""recommended_action"": ""none"", ""tiers_evaluated"": 3, ""tier1_score"": 0.5, ""tier2_score"": 0.0, ""tier3_score"": 0.0, ""diagnostics"": {""primary_path"": {""tier2"": ""qdrant"", ""tier3"": ""neo4j""}, ""services"": {""jina"": {""used"": false, ""ok"": null, ""skipped_reason"": ""already embedded""}, ""cohere"": {""used"": false, ""ok"": null, ""skipped_reason"": ""already embedded""}, ""qdrant"": {""used"": true, ""ok"": true, ""fallback_used"": false, ""latency_ms"": 295}, ""neo4j"": {""used"": true, ""ok"": true, ""fallback_used"": false, ""latency_ms"": 638}}, ""fallbacks"": [], ""timing_ms"": {""tier1"": 578, ""tier2"": 3432, ""tier3"": 638, ""total"": 5247}}}",{},8017,2026-02-22 11:01:49.540836+00
279661c5-21b2-4bf9-8312-ba4955eecd19,507923d5-c5fb-47db-abe9-48d58d828ab7,fraud_engine,started,{},{},,2026-02-22 07:30:37.642989+00
27e7db75-1827-4330-86f7-47c8fe60a5c4,507923d5-c5fb-47db-abe9-48d58d828ab7,policy_engine,completed,"{""layer"": 2, ""ruleset_id"": ""a3606082-8539-4a3f-a7fa-9bdab93dd8f1"", ""status"": ""APPROVE"", ""rules_failed"": [], ""rules_flagged"": [], ""recommended_amount"": 85000.0, ""analytics_tags"": {""policy_violation_count"": 0, ""doc_gaps_count"": 0, ""hard_reject"": false, ""review_required"": false}}",{},883,2026-02-22 07:30:35.216195+00
27fe061b-e81a-46f8-847e-9c152c5129a1,507923d5-c5fb-47db-abe9-48d58d828ab7,fraud_engine,completed,"{""fraud_score"": 0.35, ""risk_band"": ""medium"", ""recommended_action"": ""manual_review"", ""tiers_evaluated"": 3, ""tier1_score"": 0.5, ""tier2_score"": 0.4, ""tier3_score"": 0.2, ""diagnostics"": {""primary_path"": {""tier2"": ""fallback_local"", ""tier3"": ""fallback_relational""}, ""services"": {""jina"": {""used"": false, ""ok"": null, ""skipped_reason"": ""disabled""}, ""cohere"": {""used"": true, ""ok"": false, ""fallback_used"": false, ""latency_ms"": 0, ""error"": ""missing COHERE_API_KEY""}, ""neo4j"": {""used"": false, ""ok"": null, ""skipped_reason"": ""disabled""}}, ""fallbacks"": [{""component"": ""tier2"", ""fallback"": ""fallback_local"", ""reason"": ""cohere failed: missing COHERE_API_KEY""}, {""component"": ""tier3"", ""fallback"": ""fallback_relational"", ""reason"": ""disabled""}], ""timing_ms"": {""tier1"": 553, ""tier2"": 286, ""tier3"": 269, ""total"": 1646}}}",{},4239,2026-02-22 10:34:38.365352+00
289a8802-2bdb-47d4-ab31-add340086339,507923d5-c5fb-47db-abe9-48d58d828ab7,fraud_engine,completed,"{""fraud_score"": 0.15, ""risk_band"": ""low"", ""recommended_action"": ""none"", ""tiers_evaluated"": 3, ""tier1_score"": 0.5, ""tier2_score"": 0.0, ""tier3_score"": 0.0, ""diagnostics"": {""primary_path"": {""tier2"": ""qdrant"", ""tier3"": ""neo4j""}, ""services"": {""jina"": {""used"": false, ""ok"": null, ""skipped_reason"": ""already embedded""}, ""cohere"": {""used"": false, ""ok"": null, ""skipped_reason"": ""already embedded""}, ""qdrant"": {""used"": true, ""ok"": true, ""fallback_used"": false, ""latency_ms"": 278}, ""neo4j"": {""used"": true, ""ok"": true, ""fallback_used"": false, ""latency_ms"": 704}}, ""fallbacks"": [], ""timing_ms"": {""tier1"": 586, ""tier2"": 3458, ""tier3"": 706, ""total"": 5339}}}",{},8209,2026-02-22 11:03:38.793503+00
289eb64f-10a1-4bad-b188-b42ac51e3c9a,507923d5-c5fb-47db-abe9-48d58d828ab7,fraud_engine,completed,"{""fraud_score"": 0.15, ""risk_band"": ""low"", ""recommended_action"": ""none"", ""tiers_evaluated"": 3, ""tier1_score"": 0.5, ""tier2_score"": 0.0, ""tier3_score"": 0.0, ""diagnostics"": {""primary_path"": {""tier2"": ""qdrant"", ""tier3"": ""neo4j""}, ""services"": {""jina"": {""used"": true, ""ok"": false, ""fallback_used"": false, ""latency_ms"": 1114, ""error"": ""Jina HTTP error: 422 Client Error: Unprocessable Entity for url: https://api.jina.ai/v1/embeddings""}, ""cohere"": {""used"": false, ""ok"": null, ""skipped_reason"": ""already embedded""}, ""qdrant"": {""used"": true, ""ok"": true, ""fallback_used"": false, ""latency_ms"": 272}, ""neo4j"": {""used"": true, ""ok"": true, ""fallback_used"": false, ""latency_ms"": 584}}, ""fallbacks"": [], ""timing_ms"": {""tier1"": 581, ""tier2"": 4559, ""tier3"": 584, ""total"": 6298}}}",{},9029,2026-02-22 10:53:45.244713+00
28d3d805-a78f-41bb-9735-9213b08e3930,507923d5-c5fb-47db-abe9-48d58d828ab7,fraud_engine,completed,"{""fraud_score"": 0.35, ""risk_band"": ""medium"", ""recommended_action"": ""manual_review"", ""tiers_evaluated"": 3, ""tier1_score"": 0.5, ""tier2_score"": 0.4, ""tier3_score"": 0.2, ""diagnostics"": {""primary_path"": {""tier2"": ""fallback_local"", ""tier3"": ""fallback_relational""}, ""services"": {""jina"": {""used"": false, ""ok"": null, ""skipped_reason"": ""disabled""}, ""cohere"": {""used"": true, ""ok"": false, ""fallback_used"": false, ""latency_ms"": 0, ""error"": ""cohere package not installed""}, ""neo4j"": {""used"": false, ""ok"": null, ""skipped_reason"": ""disabled""}}, ""fallbacks"": [{""component"": ""tier2"", ""fallback"": ""fallback_local"", ""reason"": ""cohere failed: cohere package not installed""}, {""component"": ""tier3"", ""fallback"": ""fallback_relational"", ""reason"": ""disabled""}], ""timing_ms"": {""tier1"": 579, ""tier2"": 316, ""tier3"": 293, ""total"": 1775}}}",{},4526,2026-02-22 10:13:12.590418+00
29696f1a-e586-434c-9746-6d6baa272f9b,507923d5-c5fb-47db-abe9-48d58d828ab7,fraud_engine,started,{},{},,2026-02-22 09:31:43.352263+00
2a10cf5e-732d-4ce5-85d0-99def93746d4,e1c5f277-a48d-49fb-bca7-0ed8d38cfc5f,policy_engine,completed,"{""layer"": 2, ""ruleset_id"": ""a3606082-8539-4a3f-a7fa-9bdab93dd8f1"", ""status"": ""APPROVE"", ""rules_failed"": [], ""rules_flagged"": [], ""recommended_amount"": 195000.0, ""analytics_tags"": {""policy_violation_count"": 0, ""doc_gaps_count"": 0, ""hard_reject"": false, ""review_required"": false}}",{},854,2026-02-22 16:31:22.853444+00
2c31a91c-62d2-4345-ba41-9597260def28,2d40ed8b-b505-4fdf-91e5-1dd8b2dacef9,fraud_engine,started,{},{},,2026-02-22 09:25:37.248715+00
2c8d1841-5b3a-4eeb-9d89-2ba30e98da7d,d3f3ad89-04d7-4b86-b5e4-394bfe42aa57,fraud_engine,completed,"{""fraud_score"": 0.35, ""risk_band"": ""medium"", ""recommended_action"": ""manual_review"", ""tiers_evaluated"": 3, ""tier1_score"": 0.5, ""tier2_score"": 0.4, ""tier3_score"": 0.2, ""diagnostics"": {""primary_path"": {""tier2"": ""fallback_local"", ""tier3"": ""fallback_relational""}, ""services"": {""cohere"": {""used"": false, ""ok"": null, ""skipped_reason"": ""disabled""}, ""qdrant"": {""used"": false, ""ok"": null, ""skipped_reason"": ""disabled""}, ""jina"": {""used"": false, ""ok"": null, ""skipped_reason"": ""disabled""}, ""neo4j"": {""used"": false, ""ok"": null, ""skipped_reason"": ""disabled""}}, ""fallbacks"": [{""component"": ""tier2"", ""fallback"": ""fallback_local"", ""reason"": ""disabled""}, {""component"": ""tier3"", ""fallback"": ""fallback_relational"", ""reason"": ""disabled""}], ""timing_ms"": {""tier1"": 611, ""tier2"": 308, ""tier3"": 301, ""total"": 1828}}}",{},4740,2026-02-22 09:31:40.342895+00
2cc343ee-2bf1-404e-ba8b-8f0f62b3c64a,507923d5-c5fb-47db-abe9-48d58d828ab7,fraud_engine,started,{},{},,2026-02-22 11:01:41.528832+00
2cf2171e-999a-4961-9027-aa62f4dab2a4,dd9701c6-620a-4956-a0e5-e88a845ae924,fraud_engine,completed,"{""fraud_score"": 0.115, ""risk_band"": ""low"", ""recommended_action"": ""none"", ""tiers_evaluated"": 3, ""tier1_score"": 0.0, ""tier2_score"": 0.25, ""tier3_score"": 0.1, ""diagnostics"": {""primary_path"": {""tier2"": ""fallback_local"", ""tier3"": ""fallback_relational""}, ""services"": {""cohere"": {""used"": false, ""ok"": null, ""skipped_reason"": ""disabled""}, ""qdrant"": {""used"": false, ""ok"": null, ""skipped_reason"": ""disabled""}, ""neo4j"": {""used"": false, ""ok"": null, ""skipped_reason"": ""disabled""}, ""jina"": {""used"": false, ""ok"": null, ""skipped_reason"": ""disabled""}}, ""fallbacks"": [{""component"": ""qdrant"", ""fallback"": ""local_similarity"", ""reason"": ""disabled""}, {""component"": ""neo4j"", ""fallback"": ""relational_graph"", ""reason"": ""disabled""}], ""timing_ms"": {""tier1"": 559, ""tier2"": 285, ""tier3"": 273, ""total"": 1671}}}",{},3729,2026-02-22 08:07:26.92362+00
2f265504-3bfd-43a5-bf6d-11d7ef0fc2a0,d3f3ad89-04d7-4b86-b5e4-394bfe42aa57,policy_engine,completed,"{""layer"": 2, ""ruleset_id"": ""a3606082-8539-4a3f-a7fa-9bdab93dd8f1"", ""status"": ""APPROVE"", ""rules_failed"": [], ""rules_flagged"": [], ""recommended_amount"": 85000.0, ""analytics_tags"": {""policy_violation_count"": 0, ""doc_gaps_count"": 0, ""hard_reject"": false, ""review_required"": false}}",{},811,2026-02-22 07:30:25.225007+00
30a5bde5-3b33-4fdf-90ed-c7bea563c2c0,507923d5-c5fb-47db-abe9-48d58d828ab7,fraud_engine,completed,"{""fraud_score"": 0.15, ""risk_band"": ""low"", ""recommended_action"": ""none"", ""tiers_evaluated"": 3, ""tier1_score"": 0.5, ""tier2_score"": 0.0, ""tier3_score"": 0.0, ""diagnostics"": {""primary_path"": {""tier2"": ""qdrant"", ""tier3"": ""neo4j""}, ""services"": {""jina"": {""used"": false, ""ok"": null, ""skipped_reason"": ""already embedded""}, ""cohere"": {""used"": false, ""ok"": null, ""skipped_reason"": ""already embedded""}, ""qdrant"": {""used"": true, ""ok"": true, ""fallback_used"": false, ""latency_ms"": 286}, ""neo4j"": {""used"": true, ""ok"": true, ""fallback_used"": false, ""latency_ms"": 567}}, ""fallbacks"": [], ""timing_ms"": {""tier1"": 598, ""tier2"": 3389, ""tier3"": 567, ""total"": 5195}}}",{},8038,2026-02-22 11:04:31.195502+00
3172cfdf-af23-41b0-8247-7d5bd6d902dc,507923d5-c5fb-47db-abe9-48d58d828ab7,fraud_engine,completed,"{""fraud_score"": 0.35, ""risk_band"": ""medium"", ""recommended_action"": ""manual_review"", ""tiers_evaluated"": 3, ""tier1_score"": 0.5, ""tier2_score"": 0.4, ""tier3_score"": 0.2, ""diagnostics"": {""primary_path"": {""tier2"": ""fallback_local"", ""tier3"": ""fallback_relational""}, ""services"": {""cohere"": {""used"": false, ""ok"": null, ""skipped_reason"": ""disabled""}, ""qdrant"": {""used"": false, ""ok"": null, ""skipped_reason"": ""disabled""}, ""jina"": {""used"": false, ""ok"": null, ""skipped_reason"": ""disabled""}, ""neo4j"": {""used"": false, ""ok"": null, ""skipped_reason"": ""disabled""}}, ""fallbacks"": [{""component"": ""tier2"", ""fallback"": ""fallback_local"", ""reason"": ""disabled""}, {""component"": ""tier3"", ""fallback"": ""fallback_relational"", ""reason"": ""disabled""}], ""timing_ms"": {""tier1"": 563, ""tier2"": 271, ""tier3"": 269, ""total"": 1636}}}",{},4201,2026-02-22 09:03:29.447904+00
33a5ba42-5bc7-4993-80fd-b8c58b0ad980,507923d5-c5fb-47db-abe9-48d58d828ab7,fraud_engine,started,{},{},,2026-02-22 16:35:32.854787+00
33ab8601-2283-4040-92b1-5beac31c0adc,507923d5-c5fb-47db-abe9-48d58d828ab7,fraud_engine,started,{},{},,2026-02-22 10:21:23.728418+00
33e96b4a-c168-4e4e-af5c-4bf8597c3bee,507923d5-c5fb-47db-abe9-48d58d828ab7,fraud_engine,completed,"{""fraud_score"": 0.15, ""risk_band"": ""low"", ""recommended_action"": ""none"", ""tiers_evaluated"": 3, ""tier1_score"": 0.5, ""tier2_score"": 0.0, ""tier3_score"": 0.0, ""diagnostics"": {""primary_path"": {""tier2"": ""qdrant"", ""tier3"": ""neo4j""}, ""services"": {""jina"": {""used"": false, ""ok"": null, ""skipped_reason"": ""already embedded""}, ""cohere"": {""used"": false, ""ok"": null, ""skipped_reason"": ""already embedded""}, ""qdrant"": {""used"": true, ""ok"": true, ""fallback_used"": false, ""latency_ms"": 278}, ""neo4j"": {""used"": true, ""ok"": true, ""fallback_used"": false, ""latency_ms"": 608}}, ""fallbacks"": [], ""timing_ms"": {""tier1"": 565, ""tier2"": 3375, ""tier3"": 608, ""total"": 5135}}}",{},7828,2026-02-22 11:01:36.794255+00
396eab40-6aaf-4b14-aecd-14197baa0a17,507923d5-c5fb-47db-abe9-48d58d828ab7,fraud_engine,completed,"{""fraud_score"": 0.15, ""risk_band"": ""low"", ""recommended_action"": ""none"", ""tiers_evaluated"": 3, ""tier1_score"": 0.5, ""tier2_score"": 0.0, ""tier3_score"": 0.0, ""diagnostics"": {""primary_path"": {""tier2"": ""qdrant"", ""tier3"": ""neo4j""}, ""services"": {""jina"": {""used"": false, ""ok"": null, ""skipped_reason"": ""already embedded""}, ""cohere"": {""used"": false, ""ok"": null, ""skipped_reason"": ""already embedded""}, ""qdrant"": {""used"": true, ""ok"": true, ""fallback_used"": false, ""latency_ms"": 286}, ""neo4j"": {""used"": true, ""ok"": true, ""fallback_used"": false, ""latency_ms"": 551}}, ""fallbacks"": [], ""timing_ms"": {""tier1"": 580, ""tier2"": 3488, ""tier3"": 551, ""total"": 5187}}}",{},7948,2026-02-22 16:36:05.858048+00
398e4656-bdff-4564-9671-64cb7dd03f8c,507923d5-c5fb-47db-abe9-48d58d828ab7,fraud_engine,started,{},{},,2026-02-22 10:58:48.473911+00
3c9ecaf9-6b25-4cc9-aa72-6a4f0c000a96,507923d5-c5fb-47db-abe9-48d58d828ab7,fraud_engine,completed,"{""fraud_score"": 0.27, ""risk_band"": ""low"", ""recommended_action"": ""none"", ""tiers_evaluated"": 3, ""tier1_score"": 0.5, ""tier2_score"": 0.4, ""tier3_score"": 0.0, ""diagnostics"": {""primary_path"": {""tier2"": ""fallback_local"", ""tier3"": ""neo4j""}, ""services"": {""jina"": {""used"": true, ""ok"": false, ""fallback_used"": false, ""latency_ms"": 1196, ""error"": ""Jina HTTP error: 422 Client Error: Unprocessable Entity for url: https://api.jina.ai/v1/embeddings""}, ""cohere"": {""used"": false, ""ok"": null, ""skipped_reason"": ""already embedded""}, ""qdrant"": {""used"": true, ""ok"": false, ""fallback_used"": false, ""latency_ms"": 0, ""error"": ""Search error: 'QdrantClient' object has no attribute 'search'""}, ""neo4j"": {""used"": true, ""ok"": true, ""fallback_used"": false, ""latency_ms"": 581}}, ""fallbacks"": [{""component"": ""tier2"", ""fallback"": ""fallback_local"", ""reason"": ""qdrant search failed: Search error: 'QdrantClient' object has no attribute 'search'""}], ""timing_ms"": {""tier1"": 606, ""tier2"": 4558, ""tier3"": 581, ""total"": 6321}}}",{},9104,2026-02-22 10:42:34.963023+00
3d36c369-08ed-4c04-ae10-47a0e52c1532,507923d5-c5fb-47db-abe9-48d58d828ab7,fraud_engine,completed,"{""fraud_score"": 0.15, ""risk_band"": ""low"", ""recommended_action"": ""none"", ""tiers_evaluated"": 3, ""tier1_score"": 0.5, ""tier2_score"": 0.0, ""tier3_score"": 0.0, ""diagnostics"": {""primary_path"": {""tier2"": ""qdrant"", ""tier3"": ""neo4j""}, ""services"": {""jina"": {""used"": false, ""ok"": null, ""skipped_reason"": ""already embedded""}, ""cohere"": {""used"": false, ""ok"": null, ""skipped_reason"": ""already embedded""}, ""qdrant"": {""used"": true, ""ok"": true, ""fallback_used"": false, ""latency_ms"": 292}, ""neo4j"": {""used"": true, ""ok"": true, ""fallback_used"": false, ""latency_ms"": 753}}, ""fallbacks"": [], ""timing_ms"": {""tier1"": 558, ""tier2"": 3439, ""tier3"": 754, ""total"": 5343}}}",{},8064,2026-02-22 11:00:59.188218+00
3d5626d2-c6e7-46c5-af76-84202cce4cfb,507923d5-c5fb-47db-abe9-48d58d828ab7,fraud_engine,started,{},{},,2026-02-22 11:03:57.70807+00
40318805-4817-49b7-8251-aa7e7f6c7832,b6e94023-2764-4638-9a92-eca1515079d2,fraud_engine,completed,"{""fraud_score"": 0.0, ""risk_band"": ""low"", ""recommended_action"": ""none"", ""tiers_evaluated"": 3, ""tier1_score"": 0.0, ""tier2_score"": 0.0, ""tier3_score"": 0.0, ""diagnostics"": {""primary_path"": {""tier2"": ""fallback_local"", ""tier3"": ""fallback_relational""}, ""services"": {""cohere"": {""used"": false, ""ok"": null, ""skipped_reason"": ""disabled""}, ""qdrant"": {""used"": false, ""ok"": null, ""skipped_reason"": ""disabled""}, ""neo4j"": {""used"": false, ""ok"": null, ""skipped_reason"": ""disabled""}, ""jina"": {""used"": false, ""ok"": null, ""skipped_reason"": ""disabled""}}, ""fallbacks"": [{""component"": ""qdrant"", ""fallback"": ""local_similarity"", ""reason"": ""disabled""}, {""component"": ""neo4j"", ""fallback"": ""relational_graph"", ""reason"": ""disabled""}], ""timing_ms"": {""tier1"": 567, ""tier2"": 281, ""tier3"": 283, ""total"": 1692}}}",{},3816,2026-02-22 08:06:59.493795+00
408f1d95-303d-4953-a8cd-e9d3df3af518,507923d5-c5fb-47db-abe9-48d58d828ab7,fraud_engine,completed,"{""fraud_score"": 0.35, ""risk_band"": ""medium"", ""recommended_action"": ""manual_review"", ""tiers_evaluated"": 3, ""tier1_score"": 0.5, ""tier2_score"": 0.4, ""tier3_score"": 0.2, ""diagnostics"": {""primary_path"": {""tier2"": ""fallback_local"", ""tier3"": ""fallback_relational""}, ""services"": {""cohere"": {""used"": false, ""ok"": null, ""skipped_reason"": ""disabled""}, ""qdrant"": {""used"": false, ""ok"": null, ""skipped_reason"": ""disabled""}, ""jina"": {""used"": false, ""ok"": null, ""skipped_reason"": ""disabled""}, ""neo4j"": {""used"": false, ""ok"": null, ""skipped_reason"": ""disabled""}}, ""fallbacks"": [{""component"": ""tier2"", ""fallback"": ""fallback_local"", ""reason"": ""disabled""}, {""component"": ""tier3"", ""fallback"": ""fallback_relational"", ""reason"": ""disabled""}], ""timing_ms"": {""tier1"": 554, ""tier2"": 275, ""tier3"": 295, ""total"": 1686}}}",{},4367,2026-02-22 10:14:40.218113+00
422955d9-2f0e-4930-a067-199d5bafb287,2d40ed8b-b505-4fdf-91e5-1dd8b2dacef9,policy_engine,started,{},{},,2026-02-22 07:30:04.289627+00
423260d5-b404-48dc-a868-f54f208f86c2,dd9701c6-620a-4956-a0e5-e88a845ae924,fraud_engine,started,{},{},,2026-02-22 08:07:23.199759+00
4290fdea-6826-4b38-ad1a-494444d29b55,507923d5-c5fb-47db-abe9-48d58d828ab7,fraud_engine,started,{},{},,2026-02-22 10:42:05.944774+00
4418f3ca-8619-4d7d-bd72-e17afa8f4129,2d40ed8b-b505-4fdf-91e5-1dd8b2dacef9,policy_engine,completed,"{""layer"": 2, ""ruleset_id"": ""a3606082-8539-4a3f-a7fa-9bdab93dd8f1"", ""status"": ""APPROVE"", ""rules_failed"": [], ""rules_flagged"": [], ""recommended_amount"": 35000.0, ""analytics_tags"": {""policy_violation_count"": 0, ""doc_gaps_count"": 0, ""hard_reject"": false, ""review_required"": false}}",{},1221,2026-02-22 07:30:05.514257+00
44afab67-3e05-41c8-8b39-91d4334d92d2,507923d5-c5fb-47db-abe9-48d58d828ab7,fraud_engine,started,{},{},,2026-02-22 10:43:08.073189+00
456aa5ab-a116-4663-beee-0f663e5c7cad,507923d5-c5fb-47db-abe9-48d58d828ab7,fraud_engine,completed,"{""fraud_score"": 0.15, ""risk_band"": ""low"", ""recommended_action"": ""none"", ""tiers_evaluated"": 3, ""tier1_score"": 0.5, ""tier2_score"": 0.0, ""tier3_score"": 0.0, ""diagnostics"": {""primary_path"": {""tier2"": ""qdrant"", ""tier3"": ""neo4j""}, ""services"": {""jina"": {""used"": false, ""ok"": null, ""skipped_reason"": ""already embedded""}, ""cohere"": {""used"": false, ""ok"": null, ""skipped_reason"": ""already embedded""}, ""qdrant"": {""used"": true, ""ok"": true, ""fallback_used"": false, ""latency_ms"": 299}, ""neo4j"": {""used"": true, ""ok"": true, ""fallback_used"": false, ""latency_ms"": 1487}}, ""fallbacks"": [], ""timing_ms"": {""tier1"": 592, ""tier2"": 3375, ""tier3"": 1488, ""total"": 6056}}}",{},9344,2026-02-22 11:03:52.971944+00
46d0d410-7788-467a-9583-8e7c66e5f8b7,507923d5-c5fb-47db-abe9-48d58d828ab7,policy_engine,started,{},{},,2026-02-22 07:30:34.330175+00
47333cec-6a51-4c60-a791-61ec6c9e84a9,507923d5-c5fb-47db-abe9-48d58d828ab7,fraud_engine,completed,"{""fraud_score"": 0.15, ""risk_band"": ""low"", ""recommended_action"": ""none"", ""tiers_evaluated"": 3, ""tier1_score"": 0.5, ""tier2_score"": 0.0, ""tier3_score"": 0.0, ""diagnostics"": {""primary_path"": {""tier2"": ""qdrant"", ""tier3"": ""neo4j""}, ""services"": {""jina"": {""used"": false, ""ok"": null, ""skipped_reason"": ""already embedded""}, ""cohere"": {""used"": false, ""ok"": null, ""skipped_reason"": ""already embedded""}, ""qdrant"": {""used"": true, ""ok"": true, ""fallback_used"": false, ""latency_ms"": 279}, ""neo4j"": {""used"": true, ""ok"": true, ""fallback_used"": false, ""latency_ms"": 724}}, ""fallbacks"": [], ""timing_ms"": {""tier1"": 573, ""tier2"": 3800, ""tier3"": 724, ""total"": 5680}}}",{},8471,2026-02-22 10:58:56.941894+00
476b8ffc-264c-49e6-9eb9-903ae4c90ad6,507923d5-c5fb-47db-abe9-48d58d828ab7,fraud_engine,started,{},{},,2026-02-22 10:53:08.472855+00
479df1b0-312d-4834-a92e-843b1ae87d86,840df2d4-a6e5-4451-aa8b-aed072f1d9d3,policy_engine,started,{},{},,2026-02-22 16:31:19.030252+00
4a4a2503-67cc-4512-8d39-8c7a575b8956,507923d5-c5fb-47db-abe9-48d58d828ab7,fraud_engine,completed,"{""fraud_score"": 0.15, ""risk_band"": ""low"", ""recommended_action"": ""none"", ""tiers_evaluated"": 3, ""tier1_score"": 0.5, ""tier2_score"": 0.0, ""tier3_score"": 0.0, ""diagnostics"": {""primary_path"": {""tier2"": ""qdrant"", ""tier3"": ""neo4j""}, ""services"": {""jina"": {""used"": true, ""ok"": false, ""fallback_used"": false, ""latency_ms"": 1113, ""error"": ""Jina HTTP error: 422 Client Error: Unprocessable Entity for url: https://api.jina.ai/v1/embeddings""}, ""cohere"": {""used"": false, ""ok"": null, ""skipped_reason"": ""already embedded""}, ""qdrant"": {""used"": true, ""ok"": true, ""fallback_used"": false, ""latency_ms"": 292}, ""neo4j"": {""used"": true, ""ok"": true, ""fallback_used"": false, ""latency_ms"": 596}}, ""fallbacks"": [], ""timing_ms"": {""tier1"": 561, ""tier2"": 4612, ""tier3"": 597, ""total"": 6334}}}",{},8983,2026-02-22 10:56:33.697623+00
4bf90e72-7c05-42f9-b4bb-6e2c450cc4af,507923d5-c5fb-47db-abe9-48d58d828ab7,fraud_engine,completed,"{""fraud_score"": 0.35, ""risk_band"": ""medium"", ""recommended_action"": ""manual_review"", ""tiers_evaluated"": 3, ""tier1_score"": 0.5, ""tier2_score"": 0.4, ""tier3_score"": 0.2, ""diagnostics"": {""primary_path"": {""tier2"": ""fallback_local"", ""tier3"": ""fallback_relational""}, ""services"": {""cohere"": {""used"": false, ""ok"": null, ""skipped_reason"": ""disabled""}, ""qdrant"": {""used"": false, ""ok"": null, ""skipped_reason"": ""disabled""}, ""jina"": {""used"": false, ""ok"": null, ""skipped_reason"": ""disabled""}, ""neo4j"": {""used"": false, ""ok"": null, ""skipped_reason"": ""disabled""}}, ""fallbacks"": [{""component"": ""tier2"", ""fallback"": ""fallback_local"", ""reason"": ""disabled""}, {""component"": ""tier3"", ""fallback"": ""fallback_relational"", ""reason"": ""disabled""}], ""timing_ms"": {""tier1"": 562, ""tier2"": 265, ""tier3"": 273, ""total"": 1649}}}",{},4258,2026-02-22 09:26:03.40142+00
4c7da22e-36ca-45ed-9589-38493a4d95c7,507923d5-c5fb-47db-abe9-48d58d828ab7,fraud_engine,completed,"{""fraud_score"": 0.15, ""risk_band"": ""low"", ""recommended_action"": ""none"", ""tiers_evaluated"": 3, ""tier1_score"": 0.5, ""tier2_score"": 0.0, ""tier3_score"": 0.0, ""diagnostics"": {""primary_path"": {""tier2"": ""qdrant"", ""tier3"": ""neo4j""}, ""services"": {""jina"": {""used"": true, ""ok"": false, ""fallback_used"": false, ""latency_ms"": 1095, ""error"": ""Jina HTTP error: 422 Client Error: Unprocessable Entity for url: https://api.jina.ai/v1/embeddings""}, ""cohere"": {""used"": false, ""ok"": null, ""skipped_reason"": ""already embedded""}, ""qdrant"": {""used"": true, ""ok"": true, ""fallback_used"": false, ""latency_ms"": 282}, ""neo4j"": {""used"": true, ""ok"": true, ""fallback_used"": false, ""latency_ms"": 557}}, ""fallbacks"": [], ""timing_ms"": {""tier1"": 560, ""tier2"": 4593, ""tier3"": 558, ""total"": 6275}}}",{},9004,2026-02-22 10:56:47.397874+00
4cae7928-af09-465b-b69b-9689bbdeee8a,1ee3daac-0680-49ba-a27c-4fdf418bf334,policy_engine,completed,"{""layer"": 2, ""ruleset_id"": ""a3606082-8539-4a3f-a7fa-9bdab93dd8f1"", ""status"": ""APPROVE"", ""rules_failed"": [], ""rules_flagged"": [], ""recommended_amount"": 275000.0, ""analytics_tags"": {""policy_violation_count"": 0, ""doc_gaps_count"": 0, ""hard_reject"": false, ""review_required"": false}}",{},847,2026-02-22 16:31:21.861946+00
4ceef4fb-4c6c-49e5-91d2-fea7e7736269,840df2d4-a6e5-4451-aa8b-aed072f1d9d3,policy_engine,completed,"{""layer"": 2, ""ruleset_id"": ""a3606082-8539-4a3f-a7fa-9bdab93dd8f1"", ""status"": ""APPROVE"", ""rules_failed"": [], ""rules_flagged"": [], ""recommended_amount"": 500000.0, ""analytics_tags"": {""policy_violation_count"": 0, ""doc_gaps_count"": 0, ""hard_reject"": false, ""review_required"": false}}",{},860,2026-02-22 16:31:19.887931+00
4e6ad5ad-ff17-431e-8e84-fc8b1a378a0f,507923d5-c5fb-47db-abe9-48d58d828ab7,fraud_engine,started,{},{},,2026-02-22 09:27:37.90423+00
4ee30b5e-8949-4a5e-9e9f-af48f88589f0,dd9701c6-620a-4956-a0e5-e88a845ae924,fraud_engine,started,{},{},,2026-02-22 09:31:11.352797+00
4f799046-c256-4e64-a49d-290ee84c229e,dd9701c6-620a-4956-a0e5-e88a845ae924,fraud_engine,started,{},{},,2026-02-22 09:31:51.760286+00
4fb96118-ddc1-4c62-bdea-68a852c2cbeb,507923d5-c5fb-47db-abe9-48d58d828ab7,fraud_engine,completed,"{""fraud_score"": 0.35, ""risk_band"": ""medium"", ""recommended_action"": ""manual_review"", ""tiers_evaluated"": 3, ""tier1_score"": 0.5, ""tier2_score"": 0.4, ""tier3_score"": 0.2, ""diagnostics"": {""primary_path"": {""tier2"": ""fallback_local"", ""tier3"": ""fallback_relational""}, ""services"": {""cohere"": {""used"": false, ""ok"": null, ""skipped_reason"": ""disabled""}, ""qdrant"": {""used"": false, ""ok"": null, ""skipped_reason"": ""disabled""}, ""jina"": {""used"": false, ""ok"": null, ""skipped_reason"": ""disabled""}, ""neo4j"": {""used"": true, ""ok"": false, ""fallback_used"": false, ""latency_ms"": 0, ""error"": ""Neo4j not initialized""}}, ""fallbacks"": [{""component"": ""tier2"", ""fallback"": ""fallback_local"", ""reason"": ""disabled""}, {""component"": ""tier3"", ""fallback"": ""fallback_relational"", ""reason"": ""upsert failed: Neo4j not initialized""}], ""timing_ms"": {""tier1"": 551, ""tier2"": 276, ""tier3"": 269, ""total"": 1646}}}",{},4238,2026-02-22 10:21:19.059626+00
4fbd9977-afeb-4136-b33d-f1a4ed473ff0,2d40ed8b-b505-4fdf-91e5-1dd8b2dacef9,fraud_engine,started,{},{},,2026-02-22 07:58:47.219098+00
50a4a4cc-68ef-4f76-adf3-d8b23e95ee7c,507923d5-c5fb-47db-abe9-48d58d828ab7,fraud_engine,started,{},{},,2026-02-22 10:49:35.432674+00
516e2d15-81c5-4348-9014-49f544e927af,507923d5-c5fb-47db-abe9-48d58d828ab7,fraud_engine,completed,"{""fraud_score"": 0.35, ""risk_band"": ""medium"", ""recommended_action"": ""manual_review"", ""tiers_evaluated"": 3, ""tier1_score"": 0.5, ""tier2_score"": 0.4, ""tier3_score"": 0.2, ""diagnostics"": {""primary_path"": {""tier2"": ""fallback_local"", ""tier3"": ""fallback_relational""}, ""services"": {""cohere"": {""used"": false, ""ok"": null, ""skipped_reason"": ""disabled""}, ""qdrant"": {""used"": false, ""ok"": null, ""skipped_reason"": ""disabled""}, ""jina"": {""used"": false, ""ok"": null, ""skipped_reason"": ""disabled""}, ""neo4j"": {""used"": false, ""ok"": null, ""skipped_reason"": ""disabled""}}, ""fallbacks"": [{""component"": ""tier2"", ""fallback"": ""fallback_local"", ""reason"": ""disabled""}, {""component"": ""tier3"", ""fallback"": ""fallback_relational"", ""reason"": ""disabled""}], ""timing_ms"": {""tier1"": 549, ""tier2"": 276, ""tier3"": 286, ""total"": 1665}}}",{},4251,2026-02-22 09:01:55.773283+00
52e849f6-858f-4f8e-8634-cdbe31b90a5e,507923d5-c5fb-47db-abe9-48d58d828ab7,fraud_engine,started,{},{},,2026-02-22 10:49:00.77282+00
531bd4b0-e978-4f2b-b8b5-6a3a24167859,507923d5-c5fb-47db-abe9-48d58d828ab7,fraud_engine,started,{},{},,2026-02-22 10:53:22.489582+00
5389fd36-5c92-4076-9af5-8026df9f2ba1,507923d5-c5fb-47db-abe9-48d58d828ab7,fraud_engine,started,{},{},,2026-02-22 10:13:26.608444+00
547e259a-fe0d-423b-b97e-35effa88302d,507923d5-c5fb-47db-abe9-48d58d828ab7,fraud_engine,started,{},{},,2026-02-22 10:13:17.321023+00
54a1c495-ec66-4e3f-a6ac-897c4fc8fa83,2d40ed8b-b505-4fdf-91e5-1dd8b2dacef9,policy_engine,started,{},{},,2026-02-21 12:37:28.143335+00
55a1b7b7-3fa9-4d62-bd09-3fca5074457e,dd9701c6-620a-4956-a0e5-e88a845ae924,fraud_engine,completed,"{""fraud_score"": 0.155, ""risk_band"": ""low"", ""recommended_action"": ""none"", ""tiers_evaluated"": 3, ""tier1_score"": 0.0, ""tier2_score"": 0.25, ""tier3_score"": 0.2, ""diagnostics"": {""primary_path"": {""tier2"": ""fallback_local"", ""tier3"": ""fallback_relational""}, ""services"": {""cohere"": {""used"": false, ""ok"": null, ""skipped_reason"": ""disabled""}, ""qdrant"": {""used"": false, ""ok"": null, ""skipped_reason"": ""disabled""}, ""jina"": {""used"": false, ""ok"": null, ""skipped_reason"": ""disabled""}, ""neo4j"": {""used"": false, ""ok"": null, ""skipped_reason"": ""disabled""}}, ""fallbacks"": [{""component"": ""tier2"", ""fallback"": ""fallback_local"", ""reason"": ""disabled""}, {""component"": ""tier3"", ""fallback"": ""fallback_relational"", ""reason"": ""disabled""}], ""timing_ms"": {""tier1"": 533, ""tier2"": 282, ""tier3"": 269, ""total"": 1621}}}",{},3624,2026-02-22 08:59:19.650902+00
582d5aca-79cc-435c-b1ef-c685986ff107,d3f3ad89-04d7-4b86-b5e4-394bfe42aa57,fraud_engine,completed,"{""fraud_score"": 0.35, ""risk_band"": ""medium"", ""recommended_action"": ""manual_review"", ""tiers_evaluated"": 3, ""tier1_score"": 0.5, ""tier2_score"": 0.4, ""tier3_score"": 0.2, ""diagnostics"": {""primary_path"": {""tier2"": ""fallback_local"", ""tier3"": ""fallback_relational""}, ""services"": {""cohere"": {""used"": false, ""ok"": null, ""skipped_reason"": ""disabled""}, ""qdrant"": {""used"": false, ""ok"": null, ""skipped_reason"": ""disabled""}, ""jina"": {""used"": false, ""ok"": null, ""skipped_reason"": ""disabled""}, ""neo4j"": {""used"": false, ""ok"": null, ""skipped_reason"": ""disabled""}}, ""fallbacks"": [{""component"": ""tier2"", ""fallback"": ""fallback_local"", ""reason"": ""disabled""}, {""component"": ""tier3"", ""fallback"": ""fallback_relational"", ""reason"": ""disabled""}], ""timing_ms"": {""tier1"": 555, ""tier2"": 268, ""tier3"": 280, ""total"": 1649}}}",{},3663,2026-02-22 08:59:06.168011+00
5892b36b-f97e-4d96-bff2-7abf42f2a8c5,507923d5-c5fb-47db-abe9-48d58d828ab7,policy_engine,started,{},{},,2026-02-21 12:37:24.654007+00
58d1af13-137d-4c6e-8e28-73925c5ac9fd,507923d5-c5fb-47db-abe9-48d58d828ab7,fraud_engine,completed,"{""fraud_score"": 0.15, ""risk_band"": ""low"", ""recommended_action"": ""none"", ""tiers_evaluated"": 3, ""tier1_score"": 0.5, ""tier2_score"": 0.0, ""tier3_score"": 0.0, ""diagnostics"": {""primary_path"": {""tier2"": ""qdrant"", ""tier3"": ""neo4j""}, ""services"": {""jina"": {""used"": true, ""ok"": true, ""fallback_used"": false, ""latency_ms"": 1349}, ""cohere"": {""used"": false, ""ok"": null, ""skipped_reason"": ""already embedded""}, ""qdrant"": {""used"": true, ""ok"": true, ""fallback_used"": false, ""latency_ms"": 283}, ""neo4j"": {""used"": true, ""ok"": true, ""fallback_used"": false, ""latency_ms"": 666}}, ""fallbacks"": [], ""timing_ms"": {""tier1"": 556, ""tier2"": 6594, ""tier3"": 667, ""total"": 8370}}}",{},11076,2026-02-22 10:58:43.81606+00
59163fde-e025-4d71-abb2-7214c5c35484,507923d5-c5fb-47db-abe9-48d58d828ab7,policy_engine,completed,"{""layer"": 2, ""ruleset_id"": ""a3606082-8539-4a3f-a7fa-9bdab93dd8f1"", ""status"": ""APPROVE"", ""rules_failed"": [], ""rules_flagged"": [], ""recommended_amount"": 85000.0, ""analytics_tags"": {""policy_violation_count"": 0, ""doc_gaps_count"": 0, ""hard_reject"": false, ""review_required"": false}}",{},1070,2026-02-21 12:37:25.707674+00
59b79bb1-5dc4-4679-9a76-fce171e18f3d,507923d5-c5fb-47db-abe9-48d58d828ab7,fraud_engine,started,{},{},,2026-02-22 09:03:05.201013+00
59d76c62-f29e-420f-88f1-8e5333be93f2,507923d5-c5fb-47db-abe9-48d58d828ab7,fraud_engine,started,{},{},,2026-02-22 10:59:01.672832+00
5a83f458-13fb-4c87-9793-46ce5503e428,507923d5-c5fb-47db-abe9-48d58d828ab7,fraud_engine,completed,"{""fraud_score"": 0.35, ""risk_band"": ""medium"", ""recommended_action"": ""manual_review"", ""tiers_evaluated"": 3, ""tier1_score"": 0.5, ""tier2_score"": 0.4, ""tier3_score"": 0.2, ""diagnostics"": {""primary_path"": {""tier2"": ""fallback_local"", ""tier3"": ""fallback_relational""}, ""services"": {""jina"": {""used"": false, ""ok"": null, ""skipped_reason"": ""disabled""}, ""cohere"": {""used"": true, ""ok"": false, ""fallback_used"": false, ""latency_ms"": 0, ""error"": ""cohere package not installed""}, ""neo4j"": {""used"": false, ""ok"": null, ""skipped_reason"": ""disabled""}}, ""fallbacks"": [{""component"": ""tier2"", ""fallback"": ""fallback_local"", ""reason"": ""cohere failed: cohere package not installed""}, {""component"": ""tier3"", ""fallback"": ""fallback_relational"", ""reason"": ""disabled""}], ""timing_ms"": {""tier1"": 548, ""tier2"": 273, ""tier3"": 275, ""total"": 1640}}}",{},4219,2026-02-22 10:15:25.936177+00
5ab51520-9fe1-4f9f-b9e1-70d2efa45e11,b6e94023-2764-4638-9a92-eca1515079d2,policy_engine,started,{},{},,2026-02-22 07:30:14.564357+00
5b823759-e6e0-4912-8136-dfc57d3c876d,34492399-dfe0-4851-9573-0df8e8c5cde8,policy_engine,completed,"{""layer"": 2, ""ruleset_id"": ""a3606082-8539-4a3f-a7fa-9bdab93dd8f1"", ""status"": ""APPROVE"", ""rules_failed"": [], ""rules_flagged"": [], ""recommended_amount"": 475000.0, ""analytics_tags"": {""policy_violation_count"": 0, ""doc_gaps_count"": 0, ""hard_reject"": false, ""review_required"": false}}",{},836,2026-02-22 16:31:25.800794+00
5b835da4-a49e-4899-a222-5c082718172f,dd9701c6-620a-4956-a0e5-e88a845ae924,fraud_engine,completed,"{""fraud_score"": 0.155, ""risk_band"": ""low"", ""recommended_action"": ""none"", ""tiers_evaluated"": 3, ""tier1_score"": 0.0, ""tier2_score"": 0.25, ""tier3_score"": 0.2, ""diagnostics"": {""primary_path"": {""tier2"": ""fallback_local"", ""tier3"": ""fallback_relational""}, ""services"": {""cohere"": {""used"": false, ""ok"": null, ""skipped_reason"": ""disabled""}, ""qdrant"": {""used"": false, ""ok"": null, ""skipped_reason"": ""disabled""}, ""jina"": {""used"": false, ""ok"": null, ""skipped_reason"": ""disabled""}, ""neo4j"": {""used"": false, ""ok"": null, ""skipped_reason"": ""disabled""}}, ""fallbacks"": [{""component"": ""tier2"", ""fallback"": ""fallback_local"", ""reason"": ""disabled""}, {""component"": ""tier3"", ""fallback"": ""fallback_relational"", ""reason"": ""disabled""}], ""timing_ms"": {""tier1"": 545, ""tier2"": 269, ""tier3"": 272, ""total"": 1640}}}",{},4187,2026-02-22 09:26:10.844847+00
5c937a9c-8069-4c50-937c-9216bdc292a9,507923d5-c5fb-47db-abe9-48d58d828ab7,fraud_engine,started,{},{},,2026-02-22 10:55:41.996287+00
5e847712-9f58-4d8f-ba26-d957de014bc2,507923d5-c5fb-47db-abe9-48d58d828ab7,fraud_engine,completed,"{""fraud_score"": 0.15, ""risk_band"": ""low"", ""recommended_action"": ""none"", ""tiers_evaluated"": 3, ""tier1_score"": 0.5, ""tier2_score"": 0.0, ""tier3_score"": 0.0, ""diagnostics"": {""primary_path"": {""tier2"": ""qdrant"", ""tier3"": ""neo4j""}, ""services"": {""jina"": {""used"": false, ""ok"": null, ""skipped_reason"": ""already embedded""}, ""cohere"": {""used"": false, ""ok"": null, ""skipped_reason"": ""already embedded""}, ""qdrant"": {""used"": true, ""ok"": true, ""fallback_used"": false, ""latency_ms"": 282}, ""neo4j"": {""used"": true, ""ok"": true, ""fallback_used"": false, ""latency_ms"": 645}}, ""fallbacks"": [], ""timing_ms"": {""tier1"": 577, ""tier2"": 3415, ""tier3"": 646, ""total"": 5231}}}",{},8011,2026-02-22 11:04:18.425882+00
5f396256-6cb6-44d0-92e1-cc9d00133b66,b6e94023-2764-4638-9a92-eca1515079d2,fraud_engine,completed,"{""fraud_score"": 0.0, ""risk_band"": ""low"", ""recommended_action"": ""none"", ""tiers_evaluated"": 3, ""tier1_score"": 0.0, ""tier2_score"": 0.0, ""tier3_score"": 0.0, ""diagnostics"": {""primary_path"": {""tier2"": ""fallback_local"", ""tier3"": ""fallback_relational""}, ""services"": {""cohere"": {""used"": false, ""ok"": null, ""skipped_reason"": ""disabled""}, ""qdrant"": {""used"": false, ""ok"": null, ""skipped_reason"": ""disabled""}, ""neo4j"": {""used"": false, ""ok"": null, ""skipped_reason"": ""disabled""}, ""jina"": {""used"": false, ""ok"": null, ""skipped_reason"": ""disabled""}}, ""fallbacks"": [{""component"": ""qdrant"", ""fallback"": ""local_similarity"", ""reason"": ""disabled""}, {""component"": ""neo4j"", ""fallback"": ""relational_graph"", ""reason"": ""disabled""}], ""timing_ms"": {""tier1"": 534, ""tier2"": 265, ""tier3"": 271, ""total"": 1638}}}",{},3661,2026-02-22 07:30:21.470277+00
5f665112-8b20-4105-a9d7-57719c8b69c4,507923d5-c5fb-47db-abe9-48d58d828ab7,fraud_engine,started,{},{},,2026-02-22 10:34:51.980104+00
5fa32a02-25b5-4374-8f0a-902b2d7e614f,35813bda-fa76-4709-b19d-490d5ed972cc,policy_engine,started,{},{},,2026-02-22 16:31:20.029212+00
5fed1a3f-e13f-4053-88ea-8cf2b51b4926,507923d5-c5fb-47db-abe9-48d58d828ab7,fraud_engine,started,{},{},,2026-02-22 10:21:33.845305+00
629900a2-2e0b-4aa4-8a9d-0224744fff0f,dd9701c6-620a-4956-a0e5-e88a845ae924,policy_engine,completed,"{""layer"": 2, ""ruleset_id"": ""a3606082-8539-4a3f-a7fa-9bdab93dd8f1"", ""status"": ""APPROVE"", ""rules_failed"": [], ""rules_flagged"": [], ""recommended_amount"": 450000.0, ""analytics_tags"": {""policy_violation_count"": 0, ""doc_gaps_count"": 0, ""hard_reject"": false, ""review_required"": false}}",{},918,2026-02-22 07:29:55.076055+00
629df303-d46d-4115-bb52-9c4405f9ddc0,507923d5-c5fb-47db-abe9-48d58d828ab7,fraud_engine,completed,"{""fraud_score"": 0.15, ""risk_band"": ""low"", ""recommended_action"": ""none"", ""tiers_evaluated"": 3, ""tier1_score"": 0.5, ""tier2_score"": 0.0, ""tier3_score"": 0.0, ""diagnostics"": {""primary_path"": {""tier2"": ""qdrant"", ""tier3"": ""neo4j""}, ""services"": {""jina"": {""used"": false, ""ok"": null, ""skipped_reason"": ""already embedded""}, ""cohere"": {""used"": false, ""ok"": null, ""skipped_reason"": ""already embedded""}, ""qdrant"": {""used"": true, ""ok"": true, ""fallback_used"": false, ""latency_ms"": 272}, ""neo4j"": {""used"": true, ""ok"": true, ""fallback_used"": false, ""latency_ms"": 649}}, ""fallbacks"": [], ""timing_ms"": {""tier1"": 567, ""tier2"": 3741, ""tier3"": 650, ""total"": 5505}}}",{},8145,2026-02-22 16:35:28.214483+00
63e9c17f-803c-4b69-9f3d-b10e193bf8a4,507923d5-c5fb-47db-abe9-48d58d828ab7,fraud_engine,started,{},{},,2026-02-22 10:59:14.314339+00
643517a7-f578-4d19-b68c-901013d175e1,d3f3ad89-04d7-4b86-b5e4-394bfe42aa57,policy_engine,started,{},{},,2026-02-22 07:30:24.413166+00
651375fa-f254-476d-a8bf-99bf558d8a10,dd9701c6-620a-4956-a0e5-e88a845ae924,fraud_engine,started,{},{},,2026-02-22 09:26:06.656944+00
66633bd9-915b-40f1-a2e0-dcee3a3a8d92,1ee3daac-0680-49ba-a27c-4fdf418bf334,policy_engine,started,{},{},,2026-02-22 16:31:21.014318+00
68ee60c2-59b4-4ea5-822d-3df1c52ae711,ad27d7a4-c232-4ec4-83e5-e280b10d1140,policy_engine,started,{},{},,2026-02-22 16:31:17.928004+00
696a2fab-2bef-4be7-becc-abf250a3ae90,507923d5-c5fb-47db-abe9-48d58d828ab7,fraud_engine,started,{},{},,2026-02-22 10:50:23.485634+00
6b19e8cd-b41a-4a30-8853-69b8bdeddfc7,507923d5-c5fb-47db-abe9-48d58d828ab7,fraud_engine,completed,"{""fraud_score"": 0.15, ""risk_band"": ""low"", ""recommended_action"": ""none"", ""tiers_evaluated"": 3, ""tier1_score"": 0.5, ""tier2_score"": 0.0, ""tier3_score"": 0.0, ""diagnostics"": {""primary_path"": {""tier2"": ""qdrant"", ""tier3"": ""neo4j""}, ""services"": {""jina"": {""used"": true, ""ok"": false, ""fallback_used"": false, ""latency_ms"": 1095, ""error"": ""Jina HTTP error: 422 Client Error: Unprocessable Entity for url: https://api.jina.ai/v1/embeddings""}, ""cohere"": {""used"": false, ""ok"": null, ""skipped_reason"": ""already embedded""}, ""qdrant"": {""used"": true, ""ok"": true, ""fallback_used"": false, ""latency_ms"": 284}, ""neo4j"": {""used"": true, ""ok"": true, ""fallback_used"": false, ""latency_ms"": 662}}, ""fallbacks"": [], ""timing_ms"": {""tier1"": 550, ""tier2"": 4617, ""tier3"": 662, ""total"": 6419}}}",{},9053,2026-02-22 10:49:30.80872+00
6c1e8cab-2e6a-4abb-b5ac-528ee9b3554e,2d40ed8b-b505-4fdf-91e5-1dd8b2dacef9,fraud_engine,completed,"{""fraud_score"": 0.155, ""risk_band"": ""low"", ""recommended_action"": ""none"", ""tiers_evaluated"": 3, ""tier1_score"": 0.0, ""tier2_score"": 0.25, ""tier3_score"": 0.2, ""diagnostics"": {""primary_path"": {""tier2"": ""fallback_local"", ""tier3"": ""fallback_relational""}, ""services"": {""cohere"": {""used"": false, ""ok"": null, ""skipped_reason"": ""disabled""}, ""qdrant"": {""used"": false, ""ok"": null, ""skipped_reason"": ""disabled""}, ""jina"": {""used"": false, ""ok"": null, ""skipped_reason"": ""disabled""}, ""neo4j"": {""used"": false, ""ok"": null, ""skipped_reason"": ""disabled""}}, ""fallbacks"": [{""component"": ""tier2"", ""fallback"": ""fallback_local"", ""reason"": ""disabled""}, {""component"": ""tier3"", ""fallback"": ""fallback_relational"", ""reason"": ""disabled""}], ""timing_ms"": {""tier1"": 622, ""tier2"": 314, ""tier3"": 323, ""total"": 1871}}}",{},4741,2026-02-22 09:31:24.817336+00
6c2f2c37-b9fe-471c-b9e4-2f201b817ffd,507923d5-c5fb-47db-abe9-48d58d828ab7,fraud_engine,completed,"{""fraud_score"": 0.15, ""risk_band"": ""low"", ""recommended_action"": ""none"", ""tiers_evaluated"": 3, ""tier1_score"": 0.5, ""tier2_score"": 0.0, ""tier3_score"": 0.0, ""diagnostics"": {""primary_path"": {""tier2"": ""qdrant"", ""tier3"": ""neo4j""}, ""services"": {""jina"": {""used"": false, ""ok"": null, ""skipped_reason"": ""already embedded""}, ""cohere"": {""used"": false, ""ok"": null, ""skipped_reason"": ""already embedded""}, ""qdrant"": {""used"": true, ""ok"": true, ""fallback_used"": false, ""latency_ms"": 285}, ""neo4j"": {""used"": true, ""ok"": true, ""fallback_used"": false, ""latency_ms"": 510}}, ""fallbacks"": [], ""timing_ms"": {""tier1"": 591, ""tier2"": 3370, ""tier3"": 510, ""total"": 5032}}}",{},7948,2026-02-22 11:01:24.353632+00
6f9a717f-9687-47d9-9fdc-e902450b7d04,507923d5-c5fb-47db-abe9-48d58d828ab7,fraud_engine,started,{},{},,2026-02-22 10:56:53.757257+00
6fa1f96b-3e4a-452e-914e-10f531b6281f,507923d5-c5fb-47db-abe9-48d58d828ab7,fraud_engine,started,{},{},,2026-02-22 16:35:20.070644+00
71b0226a-8ea0-4cd5-92c6-69a4e84ad90e,507923d5-c5fb-47db-abe9-48d58d828ab7,fraud_engine,completed,"{""fraud_score"": 0.35, ""risk_band"": ""medium"", ""recommended_action"": ""manual_review"", ""tiers_evaluated"": 3, ""tier1_score"": 0.5, ""tier2_score"": 0.4, ""tier3_score"": 0.2, ""diagnostics"": {""primary_path"": {""tier2"": ""fallback_local"", ""tier3"": ""fallback_relational""}, ""services"": {""jina"": {""used"": true, ""ok"": false, ""fallback_used"": false, ""latency_ms"": 0, ""error"": ""missing JINA_API_KEY""}, ""cohere"": {""used"": true, ""ok"": false, ""fallback_used"": false, ""latency_ms"": 0, ""error"": ""cohere package not installed""}, ""neo4j"": {""used"": false, ""ok"": null, ""skipped_reason"": ""disabled""}}, ""fallbacks"": [{""component"": ""tier2"", ""fallback"": ""fallback_local"", ""reason"": ""cohere failed: cohere package not installed""}, {""component"": ""tier3"", ""fallback"": ""fallback_relational"", ""reason"": ""disabled""}], ""timing_ms"": {""tier1"": 566, ""tier2"": 1070, ""tier3"": 288, ""total"": 2489}}}",{},5087,2026-02-22 09:27:42.993996+00
71e2da2b-1066-450e-b1af-0c172329865b,dd9701c6-620a-4956-a0e5-e88a845ae924,fraud_engine,started,{},{},,2026-02-22 08:59:16.026432+00
73dfd5b2-567c-4837-aba9-6bbadfbcc433,507923d5-c5fb-47db-abe9-48d58d828ab7,fraud_engine,completed,"{""fraud_score"": 0.35, ""risk_band"": ""medium"", ""recommended_action"": ""manual_review"", ""tiers_evaluated"": 3, ""tier1_score"": 0.5, ""tier2_score"": 0.4, ""tier3_score"": 0.2, ""diagnostics"": {""primary_path"": {""tier2"": ""fallback_local"", ""tier3"": ""fallback_relational""}, ""services"": {""jina"": {""used"": false, ""ok"": null, ""skipped_reason"": ""disabled""}, ""cohere"": {""used"": true, ""ok"": false, ""fallback_used"": false, ""latency_ms"": 0, ""error"": ""missing COHERE_API_KEY""}, ""neo4j"": {""used"": false, ""ok"": null, ""skipped_reason"": ""disabled""}}, ""fallbacks"": [{""component"": ""tier2"", ""fallback"": ""fallback_local"", ""reason"": ""cohere failed: missing COHERE_API_KEY""}, {""component"": ""tier3"", ""fallback"": ""fallback_relational"", ""reason"": ""disabled""}], ""timing_ms"": {""tier1"": 576, ""tier2"": 287, ""tier3"": 317, ""total"": 1733}}}",{},4740,2026-02-22 10:34:29.493929+00
74aecd71-ecc3-44ce-b71d-057085aab952,b6e94023-2764-4638-9a92-eca1515079d2,policy_engine,completed,"{""layer"": 2, ""ruleset_id"": ""a3606082-8539-4a3f-a7fa-9bdab93dd8f1"", ""status"": ""APPROVE"", ""rules_failed"": [], ""rules_flagged"": [], ""recommended_amount"": 45000.0, ""analytics_tags"": {""policy_violation_count"": 0, ""doc_gaps_count"": 0, ""hard_reject"": false, ""review_required"": false}}",{},969,2026-02-21 12:37:27.993641+00
74f1a3ee-2734-4e7f-b71c-bb90e4df30e3,507923d5-c5fb-47db-abe9-48d58d828ab7,fraud_engine,started,{},{},,2026-02-22 11:04:37.691368+00
74fe14fa-cabe-4e26-885b-4756807e2d7d,d3f3ad89-04d7-4b86-b5e4-394bfe42aa57,fraud_engine,started,{},{},,2026-02-22 07:30:27.692337+00
756bb866-3f37-4b2e-a412-c55951a922a4,507923d5-c5fb-47db-abe9-48d58d828ab7,fraud_engine,started,{},{},,2026-02-22 10:14:53.934564+00
76694ad5-60b1-48e7-9eba-b61347c93282,507923d5-c5fb-47db-abe9-48d58d828ab7,fraud_engine,completed,"{""fraud_score"": 0.15, ""risk_band"": ""low"", ""recommended_action"": ""none"", ""tiers_evaluated"": 3, ""tier1_score"": 0.5, ""tier2_score"": 0.0, ""tier3_score"": 0.0, ""diagnostics"": {""primary_path"": {""tier2"": ""qdrant"", ""tier3"": ""neo4j""}, ""services"": {""jina"": {""used"": false, ""ok"": null, ""skipped_reason"": ""already embedded""}, ""cohere"": {""used"": false, ""ok"": null, ""skipped_reason"": ""already embedded""}, ""qdrant"": {""used"": true, ""ok"": true, ""fallback_used"": false, ""latency_ms"": 282}, ""neo4j"": {""used"": true, ""ok"": true, ""fallback_used"": false, ""latency_ms"": 610}}, ""fallbacks"": [], ""timing_ms"": {""tier1"": 678, ""tier2"": 3319, ""tier3"": 611, ""total"": 5218}}}",{},8008,2026-02-22 10:59:49.175908+00
76b2c1ca-5062-4703-909a-7eef3c9ad0b0,507923d5-c5fb-47db-abe9-48d58d828ab7,fraud_engine,started,{},{},,2026-02-22 08:07:09.15262+00
772afb17-fc7f-4091-b51d-13b6ec31e04a,b6e94023-2764-4638-9a92-eca1515079d2,fraud_engine,started,{},{},,2026-02-22 09:25:44.511685+00
77dd3e95-bbb3-44f0-afa6-e06eca968415,d3f3ad89-04d7-4b86-b5e4-394bfe42aa57,fraud_engine,completed,"{""fraud_score"": 0.33, ""risk_band"": ""medium"", ""recommended_action"": ""manual_review"", ""tiers_evaluated"": 3, ""tier1_score"": 0.5, ""tier2_score"": 0.4, ""tier3_score"": 0.15, ""diagnostics"": {""primary_path"": {""tier2"": ""fallback_local"", ""tier3"": ""fallback_relational""}, ""services"": {""cohere"": {""used"": false, ""ok"": null, ""skipped_reason"": ""disabled""}, ""qdrant"": {""used"": false, ""ok"": null, ""skipped_reason"": ""disabled""}, ""neo4j"": {""used"": false, ""ok"": null, ""skipped_reason"": ""disabled""}, ""jina"": {""used"": false, ""ok"": null, ""skipped_reason"": ""disabled""}}, ""fallbacks"": [{""component"": ""qdrant"", ""fallback"": ""local_similarity"", ""reason"": ""disabled""}, {""component"": ""neo4j"", ""fallback"": ""relational_graph"", ""reason"": ""disabled""}], ""timing_ms"": {""tier1"": 582, ""tier2"": 275, ""tier3"": 275, ""total"": 1677}}}",{},3725,2026-02-22 08:07:06.165174+00
77e22764-6541-4c9a-ae24-3f0b456f5b48,507923d5-c5fb-47db-abe9-48d58d828ab7,fraud_engine,completed,"{""fraud_score"": 0.15, ""risk_band"": ""low"", ""recommended_action"": ""none"", ""tiers_evaluated"": 3, ""tier1_score"": 0.5, ""tier2_score"": 0.0, ""tier3_score"": 0.0, ""diagnostics"": {""primary_path"": {""tier2"": ""qdrant"", ""tier3"": ""neo4j""}, ""services"": {""jina"": {""used"": false, ""ok"": null, ""skipped_reason"": ""already embedded""}, ""cohere"": {""used"": false, ""ok"": null, ""skipped_reason"": ""already embedded""}, ""qdrant"": {""used"": true, ""ok"": true, ""fallback_used"": false, ""latency_ms"": 278}, ""neo4j"": {""used"": true, ""ok"": true, ""fallback_used"": false, ""latency_ms"": 643}}, ""fallbacks"": [], ""timing_ms"": {""tier1"": 593, ""tier2"": 3376, ""tier3"": 643, ""total"": 5186}}}",{},7999,2026-02-22 10:59:09.677352+00
78d36a9a-5ce5-4dd9-a3de-710fa0929030,507923d5-c5fb-47db-abe9-48d58d828ab7,fraud_engine,started,{},{},,2026-02-22 10:20:56.872448+00
791c2ad8-1393-40c1-b8a2-bb05bf4d288f,2d40ed8b-b505-4fdf-91e5-1dd8b2dacef9,fraud_engine,started,{},{},,2026-02-22 08:58:49.215889+00
7959b5a6-e359-47c9-b54c-eb6fca517e9e,507923d5-c5fb-47db-abe9-48d58d828ab7,fraud_engine,started,{},{},,2026-02-22 10:49:55.563452+00
7c2b30ee-af2b-4d40-af04-5f30b0874a64,507923d5-c5fb-47db-abe9-48d58d828ab7,fraud_engine,started,{},{},,2026-02-22 10:53:49.92464+00
7c607df3-d308-407c-9dac-5964ed107879,d3f3ad89-04d7-4b86-b5e4-394bfe42aa57,fraud_engine,started,{},{},,2026-02-22 09:25:51.77712+00
7ca65028-93f7-436c-a2b4-172c885159f2,507923d5-c5fb-47db-abe9-48d58d828ab7,fraud_engine,started,{},{},,2026-02-22 09:27:01.781914+00
7d230775-e06f-40fa-9514-440b746c2722,d3f3ad89-04d7-4b86-b5e4-394bfe42aa57,fraud_engine,started,{},{},,2026-02-22 09:31:35.601801+00
7dc7f788-8a2a-4388-85a2-e30731bf8660,507923d5-c5fb-47db-abe9-48d58d828ab7,fraud_engine,started,{},{},,2026-02-22 10:49:21.759383+00
7e0fdd21-5bca-489f-a16a-f26791b68b2c,507923d5-c5fb-47db-abe9-48d58d828ab7,fraud_engine,completed,"{""fraud_score"": 0.27, ""risk_band"": ""low"", ""recommended_action"": ""none"", ""tiers_evaluated"": 3, ""tier1_score"": 0.5, ""tier2_score"": 0.4, ""tier3_score"": 0.0, ""diagnostics"": {""primary_path"": {""tier2"": ""fallback_local"", ""tier3"": ""neo4j""}, ""services"": {""jina"": {""used"": true, ""ok"": false, ""fallback_used"": false, ""latency_ms"": 1310, ""error"": ""Jina HTTP error: 422 Client Error: Unprocessable Entity for url: https://api.jina.ai/v1/embeddings""}, ""cohere"": {""used"": false, ""ok"": null, ""skipped_reason"": ""already embedded""}, ""qdrant"": {""used"": true, ""ok"": false, ""fallback_used"": false, ""latency_ms"": 0, ""error"": ""Search error: 'QdrantClient' object has no attribute 'search'""}, ""neo4j"": {""used"": true, ""ok"": true, ""fallback_used"": false, ""latency_ms"": 547}}, ""fallbacks"": [{""component"": ""tier2"", ""fallback"": ""fallback_local"", ""reason"": ""qdrant search failed: Search error: 'QdrantClient' object has no attribute 'search'""}], ""timing_ms"": {""tier1"": 591, ""tier2"": 4780, ""tier3"": 547, ""total"": 6512}}}",{},9218,2026-02-22 10:42:48.852169+00
7ed076ff-d805-4423-9a9f-27cfd937ebeb,507923d5-c5fb-47db-abe9-48d58d828ab7,fraud_engine,started,{},{},,2026-02-22 10:34:34.124207+00
7f95dc91-6912-47b4-9ea7-98dd95d5921b,507923d5-c5fb-47db-abe9-48d58d828ab7,fraud_engine,completed,"{""fraud_score"": 0.27, ""risk_band"": ""low"", ""recommended_action"": ""none"", ""tiers_evaluated"": 3, ""tier1_score"": 0.5, ""tier2_score"": 0.4, ""tier3_score"": 0.0, ""diagnostics"": {""primary_path"": {""tier2"": ""fallback_local"", ""tier3"": ""neo4j""}, ""services"": {""jina"": {""used"": true, ""ok"": false, ""fallback_used"": false, ""latency_ms"": 1697, ""error"": ""Jina HTTP error: 422 Client Error: Unprocessable Entity for url: https://api.jina.ai/v1/embeddings""}, ""cohere"": {""used"": true, ""ok"": true, ""fallback_used"": false, ""latency_ms"": 4128}, ""neo4j"": {""used"": true, ""ok"": true, ""fallback_used"": false, ""latency_ms"": 837}}, ""fallbacks"": [{""component"": ""tier2"", ""fallback"": ""fallback_local"", ""reason"": ""budget exceeded after text embed""}], ""timing_ms"": {""tier1"": 585, ""tier2"": 10571, ""tier3"": 837, ""total"": 12595}}}",{},15285,2026-02-22 10:42:21.229326+00
7fa2329d-f331-4c3b-8e25-1141b74394c2,2d40ed8b-b505-4fdf-91e5-1dd8b2dacef9,policy_engine,completed,"{""layer"": 2, ""ruleset_id"": ""a3606082-8539-4a3f-a7fa-9bdab93dd8f1"", ""status"": ""APPROVE"", ""rules_failed"": [], ""rules_flagged"": [], ""recommended_amount"": 35000.0, ""analytics_tags"": {""policy_violation_count"": 0, ""doc_gaps_count"": 0, ""hard_reject"": false, ""review_required"": false}}",{},959,2026-02-21 12:37:29.102919+00
80e7c199-317d-41c3-9dfe-fe31093e1fd5,dd9701c6-620a-4956-a0e5-e88a845ae924,fraud_engine,completed,"{""fraud_score"": 0.115, ""risk_band"": ""low"", ""recommended_action"": ""none"", ""tiers_evaluated"": 3, ""tier1_score"": 0.0, ""tier2_score"": 0.25, ""tier3_score"": 0.1, ""diagnostics"": {""primary_path"": {""tier2"": ""fallback_local"", ""tier3"": ""fallback_relational""}, ""services"": {""cohere"": {""used"": false, ""ok"": null, ""skipped_reason"": ""disabled""}, ""qdrant"": {""used"": false, ""ok"": null, ""skipped_reason"": ""disabled""}, ""neo4j"": {""used"": false, ""ok"": null, ""skipped_reason"": ""disabled""}, ""jina"": {""used"": false, ""ok"": null, ""skipped_reason"": ""disabled""}}, ""fallbacks"": [{""component"": ""qdrant"", ""fallback"": ""local_similarity"", ""reason"": ""disabled""}, {""component"": ""neo4j"", ""fallback"": ""relational_graph"", ""reason"": ""disabled""}], ""timing_ms"": {""tier1"": 602, ""tier2"": 302, ""tier3"": 301, ""total"": 1821}}}",{},4135,2026-02-22 07:58:08.845891+00
8159845c-91f6-4ba1-8012-f32f94574b20,b6e94023-2764-4638-9a92-eca1515079d2,fraud_engine,started,{},{},,2026-02-22 08:06:55.683546+00
815f29e5-269d-407b-b705-8399fa1f9e2b,507923d5-c5fb-47db-abe9-48d58d828ab7,fraud_engine,completed,"{""fraud_score"": 0.35, ""risk_band"": ""medium"", ""recommended_action"": ""manual_review"", ""tiers_evaluated"": 3, ""tier1_score"": 0.5, ""tier2_score"": 0.4, ""tier3_score"": 0.2, ""diagnostics"": {""primary_path"": {""tier2"": ""fallback_local"", ""tier3"": ""fallback_relational""}, ""services"": {""jina"": {""used"": false, ""ok"": null, ""skipped_reason"": ""disabled""}, ""cohere"": {""used"": true, ""ok"": false, ""fallback_used"": false, ""latency_ms"": 0, ""error"": ""cohere package not installed""}, ""neo4j"": {""used"": false, ""ok"": null, ""skipped_reason"": ""disabled""}}, ""fallbacks"": [{""component"": ""tier2"", ""fallback"": ""fallback_local"", ""reason"": ""cohere failed: cohere package not installed""}, {""component"": ""tier3"", ""fallback"": ""fallback_relational"", ""reason"": ""disabled""}], ""timing_ms"": {""tier1"": 564, ""tier2"": 284, ""tier3"": 273, ""total"": 1702}}}",{},4289,2026-02-22 10:14:49.244573+00
82cb52c3-f99c-414f-ab8c-b45f26f2fac4,507923d5-c5fb-47db-abe9-48d58d828ab7,fraud_engine,started,{},{},,2026-02-22 10:21:05.832582+00
82dc0f41-7be7-46e3-84cb-0fb223cf6394,507923d5-c5fb-47db-abe9-48d58d828ab7,fraud_engine,completed,"{""fraud_score"": 0.15, ""risk_band"": ""low"", ""recommended_action"": ""none"", ""tiers_evaluated"": 3, ""tier1_score"": 0.5, ""tier2_score"": 0.0, ""tier3_score"": 0.0, ""diagnostics"": {""primary_path"": {""tier2"": ""qdrant"", ""tier3"": ""neo4j""}, ""services"": {""jina"": {""used"": false, ""ok"": null, ""skipped_reason"": ""already embedded""}, ""cohere"": {""used"": false, ""ok"": null, ""skipped_reason"": ""already embedded""}, ""qdrant"": {""used"": true, ""ok"": true, ""fallback_used"": false, ""latency_ms"": 288}, ""neo4j"": {""used"": true, ""ok"": true, ""fallback_used"": false, ""latency_ms"": 596}}, ""fallbacks"": [], ""timing_ms"": {""tier1"": 585, ""tier2"": 3330, ""tier3"": 596, ""total"": 5088}}}",{},7812,2026-02-22 10:59:34.6376+00
83467a04-1cbe-4976-833a-bf61eda23360,507923d5-c5fb-47db-abe9-48d58d828ab7,fraud_engine,completed,"{""fraud_score"": 0.15, ""risk_band"": ""low"", ""recommended_action"": ""none"", ""tiers_evaluated"": 3, ""tier1_score"": 0.5, ""tier2_score"": 0.0, ""tier3_score"": 0.0, ""diagnostics"": {""primary_path"": {""tier2"": ""qdrant"", ""tier3"": ""neo4j""}, ""services"": {""jina"": {""used"": true, ""ok"": false, ""fallback_used"": false, ""latency_ms"": 1288, ""error"": ""Jina HTTP error: 422 Client Error: Unprocessable Entity for url: https://api.jina.ai/v1/embeddings""}, ""cohere"": {""used"": false, ""ok"": null, ""skipped_reason"": ""already embedded""}, ""qdrant"": {""used"": true, ""ok"": true, ""fallback_used"": false, ""latency_ms"": 292}, ""neo4j"": {""used"": true, ""ok"": true, ""fallback_used"": false, ""latency_ms"": 592}}, ""fallbacks"": [], ""timing_ms"": {""tier1"": 557, ""tier2"": 4924, ""tier3"": 593, ""total"": 6630}}}",{},9278,2026-02-22 10:54:14.904509+00
840ea2fc-6456-4161-aaa6-1af06e3bb0e5,2d40ed8b-b505-4fdf-91e5-1dd8b2dacef9,fraud_engine,completed,"{""fraud_score"": 0.155, ""risk_band"": ""low"", ""recommended_action"": ""none"", ""tiers_evaluated"": 3, ""tier1_score"": 0.0, ""tier2_score"": 0.25, ""tier3_score"": 0.2, ""diagnostics"": {""primary_path"": {""tier2"": ""fallback_local"", ""tier3"": ""fallback_relational""}, ""services"": {""cohere"": {""used"": false, ""ok"": null, ""skipped_reason"": ""disabled""}, ""qdrant"": {""used"": false, ""ok"": null, ""skipped_reason"": ""disabled""}, ""jina"": {""used"": false, ""ok"": null, ""skipped_reason"": ""disabled""}, ""neo4j"": {""used"": false, ""ok"": null, ""skipped_reason"": ""disabled""}}, ""fallbacks"": [{""component"": ""tier2"", ""fallback"": ""fallback_local"", ""reason"": ""disabled""}, {""component"": ""tier3"", ""fallback"": ""fallback_relational"", ""reason"": ""disabled""}], ""timing_ms"": {""tier1"": 541, ""tier2"": 271, ""tier3"": 268, ""total"": 1627}}}",{},4191,2026-02-22 09:26:17.91143+00
84d00cef-1833-4c5e-8313-4c0860e3e0d7,507923d5-c5fb-47db-abe9-48d58d828ab7,fraud_engine,started,{},{},,2026-02-22 10:14:35.85273+00
85e2cf1e-df53-405d-adba-dc8d5be155b5,dd9701c6-620a-4956-a0e5-e88a845ae924,fraud_engine,completed,"{""fraud_score"": 0.155, ""risk_band"": ""low"", ""recommended_action"": ""none"", ""tiers_evaluated"": 3, ""tier1_score"": 0.0, ""tier2_score"": 0.25, ""tier3_score"": 0.2, ""diagnostics"": {""primary_path"": {""tier2"": ""fallback_local"", ""tier3"": ""fallback_relational""}, ""services"": {""cohere"": {""used"": false, ""ok"": null, ""skipped_reason"": ""disabled""}, ""qdrant"": {""used"": false, ""ok"": null, ""skipped_reason"": ""disabled""}, ""jina"": {""used"": false, ""ok"": null, ""skipped_reason"": ""disabled""}, ""neo4j"": {""used"": false, ""ok"": null, ""skipped_reason"": ""disabled""}}, ""fallbacks"": [{""component"": ""tier2"", ""fallback"": ""fallback_local"", ""reason"": ""disabled""}, {""component"": ""tier3"", ""fallback"": ""fallback_relational"", ""reason"": ""disabled""}], ""timing_ms"": {""tier1"": 538, ""tier2"": 283, ""tier3"": 277, ""total"": 1679}}}",{},3761,2026-02-22 08:58:46.293708+00
85f37746-829b-4a14-adb6-4c2ee3ada33d,507923d5-c5fb-47db-abe9-48d58d828ab7,fraud_engine,completed,"{""fraud_score"": 0.15, ""risk_band"": ""low"", ""recommended_action"": ""none"", ""tiers_evaluated"": 3, ""tier1_score"": 0.5, ""tier2_score"": 0.0, ""tier3_score"": 0.0, ""diagnostics"": {""primary_path"": {""tier2"": ""qdrant"", ""tier3"": ""neo4j""}, ""services"": {""jina"": {""used"": false, ""ok"": null, ""skipped_reason"": ""already embedded""}, ""cohere"": {""used"": false, ""ok"": null, ""skipped_reason"": ""already embedded""}, ""qdrant"": {""used"": true, ""ok"": true, ""fallback_used"": false, ""latency_ms"": 283}, ""neo4j"": {""used"": true, ""ok"": true, ""fallback_used"": false, ""latency_ms"": 773}}, ""fallbacks"": [], ""timing_ms"": {""tier1"": 555, ""tier2"": 3344, ""tier3"": 774, ""total"": 5241}}}",{},8030,2026-02-22 16:35:53.285068+00
8804782a-d5ba-44cf-99b5-bc2d29cf69ae,507923d5-c5fb-47db-abe9-48d58d828ab7,fraud_engine,completed,"{""fraud_score"": 0.15, ""risk_band"": ""low"", ""recommended_action"": ""none"", ""tiers_evaluated"": 3, ""tier1_score"": 0.5, ""tier2_score"": 0.0, ""tier3_score"": 0.0, ""diagnostics"": {""primary_path"": {""tier2"": ""qdrant"", ""tier3"": ""neo4j""}, ""services"": {""jina"": {""used"": false, ""ok"": null, ""skipped_reason"": ""already embedded""}, ""cohere"": {""used"": false, ""ok"": null, ""skipped_reason"": ""already embedded""}, ""qdrant"": {""used"": true, ""ok"": true, ""fallback_used"": false, ""latency_ms"": 269}, ""neo4j"": {""used"": true, ""ok"": true, ""fallback_used"": false, ""latency_ms"": 677}}, ""fallbacks"": [], ""timing_ms"": {""tier1"": 575, ""tier2"": 3252, ""tier3"": 677, ""total"": 5055}}}",{},7714,2026-02-22 16:35:40.568125+00
8822047a-c6b0-4584-a005-1b753c97cdc5,dd9701c6-620a-4956-a0e5-e88a845ae924,fraud_engine,completed,"{""fraud_score"": 0.115, ""risk_band"": ""low"", ""recommended_action"": ""none"", ""tiers_evaluated"": 3, ""tier1_score"": 0.0, ""tier2_score"": 0.25, ""tier3_score"": 0.1, ""diagnostics"": {""primary_path"": {""tier2"": ""fallback_local"", ""tier3"": ""fallback_relational""}, ""services"": {""cohere"": {""used"": false, ""ok"": null, ""skipped_reason"": ""disabled""}, ""qdrant"": {""used"": false, ""ok"": null, ""skipped_reason"": ""disabled""}, ""neo4j"": {""used"": false, ""ok"": null, ""skipped_reason"": ""disabled""}, ""jina"": {""used"": false, ""ok"": null, ""skipped_reason"": ""disabled""}}, ""fallbacks"": [{""component"": ""qdrant"", ""fallback"": ""local_similarity"", ""reason"": ""disabled""}, {""component"": ""neo4j"", ""fallback"": ""relational_graph"", ""reason"": ""disabled""}], ""timing_ms"": {""tier1"": 567, ""tier2"": 269, ""tier3"": 270, ""total"": 1652}}}",{},3782,2026-02-22 07:30:01.328783+00
8979a205-4e3d-4c14-9fb5-223fe5c9dedb,507923d5-c5fb-47db-abe9-48d58d828ab7,fraud_engine,completed,"{""fraud_score"": 0.35, ""risk_band"": ""medium"", ""recommended_action"": ""manual_review"", ""tiers_evaluated"": 3, ""tier1_score"": 0.5, ""tier2_score"": 0.4, ""tier3_score"": 0.2, ""diagnostics"": {""primary_path"": {""tier2"": ""fallback_local"", ""tier3"": ""fallback_relational""}, ""services"": {""jina"": {""used"": false, ""ok"": null, ""skipped_reason"": ""disabled""}, ""cohere"": {""used"": true, ""ok"": false, ""fallback_used"": false, ""latency_ms"": 0, ""error"": ""missing COHERE_API_KEY""}, ""neo4j"": {""used"": false, ""ok"": null, ""skipped_reason"": ""disabled""}}, ""fallbacks"": [{""component"": ""tier2"", ""fallback"": ""fallback_local"", ""reason"": ""cohere failed: missing COHERE_API_KEY""}, {""component"": ""tier3"", ""fallback"": ""fallback_relational"", ""reason"": ""disabled""}], ""timing_ms"": {""tier1"": 553, ""tier2"": 288, ""tier3"": 275, ""total"": 1665}}}",{},4270,2026-02-22 10:21:01.137271+00
8ac085e9-9549-46a2-8d66-b1ef9e03a97d,14fedf75-eb8f-4f4a-aa28-de3dbbe1dff8,policy_engine,completed,"{""layer"": 2, ""ruleset_id"": ""a3606082-8539-4a3f-a7fa-9bdab93dd8f1"", ""status"": ""APPROVE"", ""rules_failed"": [], ""rules_flagged"": [], ""recommended_amount"": 440000.0, ""analytics_tags"": {""policy_violation_count"": 0, ""doc_gaps_count"": 0, ""hard_reject"": false, ""review_required"": false}}",{},847,2026-02-22 16:31:24.822831+00
8b2bc330-5a9d-47bf-b29d-fbbb522e6cd1,507923d5-c5fb-47db-abe9-48d58d828ab7,fraud_engine,started,{},{},,2026-02-22 07:58:33.042682+00
8bdac99b-e6fe-4870-8c25-922085010cb3,507923d5-c5fb-47db-abe9-48d58d828ab7,fraud_engine,started,{},{},,2026-02-22 09:02:55.657699+00
8c10336b-7bfa-44db-b942-da657248a45c,507923d5-c5fb-47db-abe9-48d58d828ab7,fraud_engine,completed,"{""fraud_score"": 0.15, ""risk_band"": ""low"", ""recommended_action"": ""none"", ""tiers_evaluated"": 3, ""tier1_score"": 0.5, ""tier2_score"": 0.0, ""tier3_score"": 0.0, ""diagnostics"": {""primary_path"": {""tier2"": ""qdrant"", ""tier3"": ""neo4j""}, ""services"": {""jina"": {""used"": true, ""ok"": false, ""fallback_used"": false, ""latency_ms"": 1110, ""error"": ""Jina HTTP error: 422 Client Error: Unprocessable Entity for url: https://api.jina.ai/v1/embeddings""}, ""cohere"": {""used"": false, ""ok"": null, ""skipped_reason"": ""already embedded""}, ""qdrant"": {""used"": true, ""ok"": true, ""fallback_used"": false, ""latency_ms"": 290}, ""neo4j"": {""used"": true, ""ok"": true, ""fallback_used"": false, ""latency_ms"": 613}}, ""fallbacks"": [], ""timing_ms"": {""tier1"": 571, ""tier2"": 4666, ""tier3"": 613, ""total"": 6461}}}",{},9258,2026-02-22 10:53:59.184112+00
8c1b8620-62e9-4b40-b685-6a8f92b30109,507923d5-c5fb-47db-abe9-48d58d828ab7,fraud_engine,started,{},{},,2026-02-22 11:03:30.557232+00
8ca2fda9-871d-45b3-ba3b-05dab1938508,507923d5-c5fb-47db-abe9-48d58d828ab7,fraud_engine,completed,"{""fraud_score"": 0.15, ""risk_band"": ""low"", ""recommended_action"": ""none"", ""tiers_evaluated"": 3, ""tier1_score"": 0.5, ""tier2_score"": 0.0, ""tier3_score"": 0.0, ""diagnostics"": {""primary_path"": {""tier2"": ""qdrant"", ""tier3"": ""neo4j""}, ""services"": {""jina"": {""used"": true, ""ok"": false, ""fallback_used"": false, ""latency_ms"": 1160, ""error"": ""Jina HTTP error: 422 Client Error: Unprocessable Entity for url: https://api.jina.ai/v1/embeddings""}, ""cohere"": {""used"": false, ""ok"": null, ""skipped_reason"": ""already embedded""}, ""qdrant"": {""used"": true, ""ok"": true, ""fallback_used"": false, ""latency_ms"": 272}, ""neo4j"": {""used"": true, ""ok"": true, ""fallback_used"": false, ""latency_ms"": 639}}, ""fallbacks"": [], ""timing_ms"": {""tier1"": 538, ""tier2"": 4569, ""tier3"": 639, ""total"": 6301}}}",{},8882,2026-02-22 10:50:18.582982+00
8d5e5367-1ce2-4356-9fb0-2b634aca6f3b,507923d5-c5fb-47db-abe9-48d58d828ab7,fraud_engine,completed,"{""fraud_score"": 0.15, ""risk_band"": ""low"", ""recommended_action"": ""none"", ""tiers_evaluated"": 3, ""tier1_score"": 0.5, ""tier2_score"": 0.0, ""tier3_score"": 0.0, ""diagnostics"": {""primary_path"": {""tier2"": ""qdrant"", ""tier3"": ""neo4j""}, ""services"": {""jina"": {""used"": false, ""ok"": null, ""skipped_reason"": ""already embedded""}, ""cohere"": {""used"": false, ""ok"": null, ""skipped_reason"": ""already embedded""}, ""qdrant"": {""used"": true, ""ok"": true, ""fallback_used"": false, ""latency_ms"": 280}, ""neo4j"": {""used"": true, ""ok"": true, ""fallback_used"": false, ""latency_ms"": 564}}, ""fallbacks"": [], ""timing_ms"": {""tier1"": 602, ""tier2"": 3357, ""tier3"": 564, ""total"": 5119}}}",{},7878,2026-02-22 11:02:03.915581+00
8d677904-70dd-40d3-a3ee-56a2772dbfe7,507923d5-c5fb-47db-abe9-48d58d828ab7,fraud_engine,started,{},{},,2026-02-22 11:03:43.647189+00
8f5c2a8b-ef56-4210-9e79-fc3cb101e992,507923d5-c5fb-47db-abe9-48d58d828ab7,fraud_engine,completed,"{""fraud_score"": 0.15, ""risk_band"": ""low"", ""recommended_action"": ""none"", ""tiers_evaluated"": 3, ""tier1_score"": 0.5, ""tier2_score"": 0.0, ""tier3_score"": 0.0, ""diagnostics"": {""primary_path"": {""tier2"": ""qdrant"", ""tier3"": ""neo4j""}, ""services"": {""jina"": {""used"": true, ""ok"": false, ""fallback_used"": false, ""latency_ms"": 1407, ""error"": ""Jina HTTP error: 422 Client Error: Unprocessable Entity for url: https://api.jina.ai/v1/embeddings""}, ""cohere"": {""used"": false, ""ok"": null, ""skipped_reason"": ""already embedded""}, ""qdrant"": {""used"": true, ""ok"": true, ""fallback_used"": false, ""latency_ms"": 279}, ""neo4j"": {""used"": true, ""ok"": true, ""fallback_used"": false, ""latency_ms"": 567}}, ""fallbacks"": [], ""timing_ms"": {""tier1"": 554, ""tier2"": 4993, ""tier3"": 567, ""total"": 6661}}}",{},9487,2026-02-22 10:50:05.050892+00
91adcdf4-ebb1-4a77-8e9d-9a130a311005,0c64728e-5183-4e82-9a7d-904159739ca8,policy_engine,completed,"{""layer"": 2, ""ruleset_id"": ""a3606082-8539-4a3f-a7fa-9bdab93dd8f1"", ""status"": ""APPROVE"", ""rules_failed"": [], ""rules_flagged"": [], ""recommended_amount"": 295000.0, ""analytics_tags"": {""policy_violation_count"": 0, ""doc_gaps_count"": 0, ""hard_reject"": false, ""review_required"": false}}",{},846,2026-02-22 16:31:23.837296+00
9408f84a-fdb0-4f44-b039-5330c9af0ff4,507923d5-c5fb-47db-abe9-48d58d828ab7,fraud_engine,started,{},{},,2026-02-22 10:42:25.863761+00
94684da1-efc3-48f8-9e24-abe498c4d9bd,507923d5-c5fb-47db-abe9-48d58d828ab7,fraud_engine,started,{},{},,2026-02-22 09:27:28.894445+00
949da129-b2a6-441c-8dce-4c783cb4c528,507923d5-c5fb-47db-abe9-48d58d828ab7,fraud_engine,started,{},{},,2026-02-22 16:35:07.114836+00
94d0b374-e55f-4876-8920-932f93ae736c,d3f3ad89-04d7-4b86-b5e4-394bfe42aa57,fraud_engine,completed,"{""fraud_score"": 0.35, ""risk_band"": ""medium"", ""recommended_action"": ""manual_review"", ""tiers_evaluated"": 3, ""tier1_score"": 0.5, ""tier2_score"": 0.4, ""tier3_score"": 0.2, ""diagnostics"": {""primary_path"": {""tier2"": ""fallback_local"", ""tier3"": ""fallback_relational""}, ""services"": {""cohere"": {""used"": false, ""ok"": null, ""skipped_reason"": ""disabled""}, ""qdrant"": {""used"": false, ""ok"": null, ""skipped_reason"": ""disabled""}, ""jina"": {""used"": false, ""ok"": null, ""skipped_reason"": ""disabled""}, ""neo4j"": {""used"": false, ""ok"": null, ""skipped_reason"": ""disabled""}}, ""fallbacks"": [{""component"": ""tier2"", ""fallback"": ""fallback_local"", ""reason"": ""disabled""}, {""component"": ""tier3"", ""fallback"": ""fallback_relational"", ""reason"": ""disabled""}], ""timing_ms"": {""tier1"": 538, ""tier2"": 280, ""tier3"": 267, ""total"": 1631}}}",{},4406,2026-02-22 09:25:56.182755+00
95c52046-5ec7-462c-859e-e858efab5332,507923d5-c5fb-47db-abe9-48d58d828ab7,fraud_engine,completed,"{""fraud_score"": 0.15, ""risk_band"": ""low"", ""recommended_action"": ""none"", ""tiers_evaluated"": 3, ""tier1_score"": 0.5, ""tier2_score"": 0.0, ""tier3_score"": 0.0, ""diagnostics"": {""primary_path"": {""tier2"": ""qdrant"", ""tier3"": ""neo4j""}, ""services"": {""jina"": {""used"": false, ""ok"": null, ""skipped_reason"": ""already embedded""}, ""cohere"": {""used"": false, ""ok"": null, ""skipped_reason"": ""already embedded""}, ""qdrant"": {""used"": true, ""ok"": true, ""fallback_used"": false, ""latency_ms"": 291}, ""neo4j"": {""used"": true, ""ok"": true, ""fallback_used"": false, ""latency_ms"": 712}}, ""fallbacks"": [], ""timing_ms"": {""tier1"": 573, ""tier2"": 3540, ""tier3"": 712, ""total"": 5409}}}",{},8311,2026-02-22 16:35:15.426814+00
968ee9ba-b411-473a-bf1b-0a32f7a50f1e,507923d5-c5fb-47db-abe9-48d58d828ab7,fraud_engine,completed,"{""fraud_score"": 0.35, ""risk_band"": ""medium"", ""recommended_action"": ""manual_review"", ""tiers_evaluated"": 3, ""tier1_score"": 0.5, ""tier2_score"": 0.4, ""tier3_score"": 0.2, ""diagnostics"": {""primary_path"": {""tier2"": ""fallback_local"", ""tier3"": ""fallback_relational""}, ""services"": {""jina"": {""used"": false, ""ok"": null, ""skipped_reason"": ""disabled""}, ""cohere"": {""used"": true, ""ok"": false, ""fallback_used"": false, ""latency_ms"": 0, ""error"": ""cohere package not installed""}, ""neo4j"": {""used"": false, ""ok"": null, ""skipped_reason"": ""disabled""}}, ""fallbacks"": [{""component"": ""tier2"", ""fallback"": ""fallback_local"", ""reason"": ""cohere failed: cohere package not installed""}, {""component"": ""tier3"", ""fallback"": ""fallback_relational"", ""reason"": ""disabled""}], ""timing_ms"": {""tier1"": 576, ""tier2"": 287, ""tier3"": 283, ""total"": 1728}}}",{},4447,2026-02-22 10:13:21.765328+00
98a4d517-d79c-4418-bfe0-fd6e301db6ef,d3f3ad89-04d7-4b86-b5e4-394bfe42aa57,policy_engine,completed,"{""layer"": 2, ""ruleset_id"": ""a3606082-8539-4a3f-a7fa-9bdab93dd8f1"", ""status"": ""APPROVE"", ""rules_failed"": [], ""rules_flagged"": [], ""recommended_amount"": 85000.0, ""analytics_tags"": {""policy_violation_count"": 0, ""doc_gaps_count"": 0, ""hard_reject"": false, ""review_required"": false}}",{},1001,2026-02-21 12:37:26.864092+00
993ce21a-52d2-4078-8e8c-02688e7743ff,507923d5-c5fb-47db-abe9-48d58d828ab7,fraud_engine,completed,"{""fraud_score"": 0.35, ""risk_band"": ""medium"", ""recommended_action"": ""manual_review"", ""tiers_evaluated"": 3, ""tier1_score"": 0.5, ""tier2_score"": 0.4, ""tier3_score"": 0.2, ""diagnostics"": {""primary_path"": {""tier2"": ""fallback_local"", ""tier3"": ""fallback_relational""}, ""services"": {""jina"": {""used"": false, ""ok"": null, ""skipped_reason"": ""disabled""}, ""cohere"": {""used"": true, ""ok"": false, ""fallback_used"": false, ""latency_ms"": 0, ""error"": ""missing COHERE_API_KEY""}, ""neo4j"": {""used"": false, ""ok"": null, ""skipped_reason"": ""disabled""}}, ""fallbacks"": [{""component"": ""tier2"", ""fallback"": ""fallback_local"", ""reason"": ""cohere failed: missing COHERE_API_KEY""}, {""component"": ""tier3"", ""fallback"": ""fallback_relational"", ""reason"": ""disabled""}], ""timing_ms"": {""tier1"": 560, ""tier2"": 282, ""tier3"": 280, ""total"": 1671}}}",{},4482,2026-02-22 10:21:38.327611+00
9a50defd-bf90-4c42-bcb9-b3d279e3e0eb,14fedf75-eb8f-4f4a-aa28-de3dbbe1dff8,policy_engine,started,{},{},,2026-02-22 16:31:23.979311+00
9abf45c0-cf86-4c52-9461-e1352dbc0e3e,dd9701c6-620a-4956-a0e5-e88a845ae924,fraud_engine,started,{},{},,2026-02-22 07:29:57.538973+00
9b535ce1-989c-452b-bff5-2130fad7316e,507923d5-c5fb-47db-abe9-48d58d828ab7,fraud_engine,completed,"{""fraud_score"": 0.15, ""risk_band"": ""low"", ""recommended_action"": ""none"", ""tiers_evaluated"": 3, ""tier1_score"": 0.5, ""tier2_score"": 0.0, ""tier3_score"": 0.0, ""diagnostics"": {""primary_path"": {""tier2"": ""qdrant"", ""tier3"": ""neo4j""}, ""services"": {""jina"": {""used"": true, ""ok"": false, ""fallback_used"": false, ""latency_ms"": 1276, ""error"": ""Jina HTTP error: 422 Client Error: Unprocessable Entity for url: https://api.jina.ai/v1/embeddings""}, ""cohere"": {""used"": false, ""ok"": null, ""skipped_reason"": ""already embedded""}, ""qdrant"": {""used"": true, ""ok"": true, ""fallback_used"": false, ""latency_ms"": 276}, ""neo4j"": {""used"": true, ""ok"": true, ""fallback_used"": false, ""latency_ms"": 606}}, ""fallbacks"": [], ""timing_ms"": {""tier1"": 584, ""tier2"": 4901, ""tier3"": 607, ""total"": 6656}}}",{},9353,2026-02-22 10:56:05.871287+00
9bb257d9-3160-4b36-a1d0-7dec93de05f6,507923d5-c5fb-47db-abe9-48d58d828ab7,fraud_engine,completed,"{""fraud_score"": 0.27, ""risk_band"": ""low"", ""recommended_action"": ""none"", ""tiers_evaluated"": 3, ""tier1_score"": 0.5, ""tier2_score"": 0.4, ""tier3_score"": 0.0, ""diagnostics"": {""primary_path"": {""tier2"": ""fallback_local"", ""tier3"": ""neo4j""}, ""services"": {""jina"": {""used"": true, ""ok"": false, ""fallback_used"": false, ""latency_ms"": 1128, ""error"": ""Jina HTTP error: 422 Client Error: Unprocessable Entity for url: https://api.jina.ai/v1/embeddings""}, ""cohere"": {""used"": false, ""ok"": null, ""skipped_reason"": ""already embedded""}, ""qdrant"": {""used"": true, ""ok"": false, ""fallback_used"": false, ""latency_ms"": 0, ""error"": ""Search error: 'QdrantClient' object has no attribute 'search'""}, ""neo4j"": {""used"": true, ""ok"": true, ""fallback_used"": false, ""latency_ms"": 742}}, ""fallbacks"": [{""component"": ""tier2"", ""fallback"": ""fallback_local"", ""reason"": ""qdrant search failed: Search error: 'QdrantClient' object has no attribute 'search'""}], ""timing_ms"": {""tier1"": 613, ""tier2"": 4460, ""tier3"": 743, ""total"": 6411}}}",{},9239,2026-02-22 10:43:31.80056+00
9d88db95-f39b-455b-80aa-f0cd6fafcc36,507923d5-c5fb-47db-abe9-48d58d828ab7,fraud_engine,completed,"{""fraud_score"": 0.27, ""risk_band"": ""low"", ""recommended_action"": ""none"", ""tiers_evaluated"": 3, ""tier1_score"": 0.5, ""tier2_score"": 0.4, ""tier3_score"": 0.0, ""diagnostics"": {""primary_path"": {""tier2"": ""fallback_local"", ""tier3"": ""neo4j""}, ""services"": {""jina"": {""used"": true, ""ok"": false, ""fallback_used"": false, ""latency_ms"": 8379, ""error"": ""Jina HTTP error: HTTPSConnectionPool(host='api.jina.ai', port=443): Read timed out. (read timeout=8)""}, ""neo4j"": {""used"": true, ""ok"": true, ""fallback_used"": false, ""latency_ms"": 623}}, ""fallbacks"": [{""component"": ""tier2"", ""fallback"": ""fallback_local"", ""reason"": ""budget exceeded after media""}], ""timing_ms"": {""tier1"": 557, ""tier2"": 11931, ""tier3"": 625, ""total"": 13677}}}",{},16320,2026-02-22 10:49:17.092107+00
9ebd3b64-37f7-498b-b8b6-bfacbd6be84b,507923d5-c5fb-47db-abe9-48d58d828ab7,fraud_engine,completed,"{""fraud_score"": 0.35, ""risk_band"": ""medium"", ""recommended_action"": ""manual_review"", ""tiers_evaluated"": 3, ""tier1_score"": 0.5, ""tier2_score"": 0.4, ""tier3_score"": 0.2, ""diagnostics"": {""primary_path"": {""tier2"": ""fallback_local"", ""tier3"": ""fallback_relational""}, ""services"": {""jina"": {""used"": true, ""ok"": false, ""fallback_used"": false, ""latency_ms"": 0, ""error"": ""missing JINA_API_KEY""}, ""cohere"": {""used"": true, ""ok"": false, ""fallback_used"": false, ""latency_ms"": 0, ""error"": ""missing COHERE_API_KEY""}, ""neo4j"": {""used"": false, ""ok"": null, ""skipped_reason"": ""disabled""}}, ""fallbacks"": [{""component"": ""tier2"", ""fallback"": ""fallback_local"", ""reason"": ""cohere failed: missing COHERE_API_KEY""}, {""component"": ""tier3"", ""fallback"": ""fallback_relational"", ""reason"": ""disabled""}], ""timing_ms"": {""tier1"": 554, ""tier2"": 1024, ""tier3"": 282, ""total"": 2395}}}",{},4985,2026-02-22 10:21:28.718665+00
a053ef06-13be-4b33-84f7-da6030cfef4c,507923d5-c5fb-47db-abe9-48d58d828ab7,fraud_engine,completed,"{""fraud_score"": 0.35, ""risk_band"": ""medium"", ""recommended_action"": ""manual_review"", ""tiers_evaluated"": 3, ""tier1_score"": 0.5, ""tier2_score"": 0.4, ""tier3_score"": 0.2, ""diagnostics"": {""primary_path"": {""tier2"": ""fallback_local"", ""tier3"": ""fallback_relational""}, ""services"": {""cohere"": {""used"": false, ""ok"": null, ""skipped_reason"": ""disabled""}, ""qdrant"": {""used"": false, ""ok"": null, ""skipped_reason"": ""disabled""}, ""jina"": {""used"": false, ""ok"": null, ""skipped_reason"": ""disabled""}, ""neo4j"": {""used"": false, ""ok"": null, ""skipped_reason"": ""disabled""}}, ""fallbacks"": [{""component"": ""tier2"", ""fallback"": ""fallback_local"", ""reason"": ""disabled""}, {""component"": ""tier3"", ""fallback"": ""fallback_relational"", ""reason"": ""disabled""}], ""timing_ms"": {""tier1"": 559, ""tier2"": 276, ""tier3"": 278, ""total"": 1671}}}",{},4318,2026-02-22 10:20:51.963534+00
a0cc9ae8-2730-4c6c-bc75-d12f7543c4d2,507923d5-c5fb-47db-abe9-48d58d828ab7,fraud_engine,started,{},{},,2026-02-22 10:52:53.693232+00
a10089fc-6f3a-4842-b814-75ab976e8e03,507923d5-c5fb-47db-abe9-48d58d828ab7,fraud_engine,completed,"{""fraud_score"": 0.35, ""risk_band"": ""medium"", ""recommended_action"": ""manual_review"", ""tiers_evaluated"": 3, ""tier1_score"": 0.5, ""tier2_score"": 0.4, ""tier3_score"": 0.2, ""diagnostics"": {""primary_path"": {""tier2"": ""fallback_local"", ""tier3"": ""fallback_relational""}, ""services"": {""jina"": {""used"": true, ""ok"": false, ""fallback_used"": false, ""latency_ms"": 0, ""error"": ""missing JINA_API_KEY""}, ""cohere"": {""used"": true, ""ok"": false, ""fallback_used"": false, ""latency_ms"": 0, ""error"": ""cohere package not installed""}, ""neo4j"": {""used"": false, ""ok"": null, ""skipped_reason"": ""disabled""}}, ""fallbacks"": [{""component"": ""tier2"", ""fallback"": ""fallback_local"", ""reason"": ""cohere failed: cohere package not installed""}, {""component"": ""tier3"", ""fallback"": ""fallback_relational"", ""reason"": ""disabled""}], ""timing_ms"": {""tier1"": 537, ""tier2"": 2431, ""tier3"": 279, ""total"": 3797}}}",{},6439,2026-02-22 09:03:20.60073+00
a1829a7e-361e-436e-94c8-c36680fe91a4,507923d5-c5fb-47db-abe9-48d58d828ab7,fraud_engine,started,{},{},,2026-02-22 10:35:02.10881+00
a21df3e4-559e-4512-aa9b-11b06c5a1794,507923d5-c5fb-47db-abe9-48d58d828ab7,fraud_engine,started,{},{},,2026-02-22 09:02:08.929913+00
a26c4aef-3c52-42cb-80f5-c22f0167cdc6,507923d5-c5fb-47db-abe9-48d58d828ab7,fraud_engine,started,{},{},,2026-02-22 10:55:56.51979+00
a2ad4524-1149-4500-abcc-0a484642ab1b,b6e94023-2764-4638-9a92-eca1515079d2,fraud_engine,started,{},{},,2026-02-22 07:58:19.062543+00
a2ef0320-2b71-4d70-8e7d-13afc738c824,507923d5-c5fb-47db-abe9-48d58d828ab7,fraud_engine,started,{},{},,2026-02-22 16:35:57.913093+00
a3493fa7-497d-411c-88c0-bde538927621,507923d5-c5fb-47db-abe9-48d58d828ab7,fraud_engine,started,{},{},,2026-02-22 11:01:28.965152+00
a49b830a-a5b9-4b7a-b8ab-19b85cd86fb8,507923d5-c5fb-47db-abe9-48d58d828ab7,fraud_engine,completed,"{""fraud_score"": 0.33, ""risk_band"": ""medium"", ""recommended_action"": ""manual_review"", ""tiers_evaluated"": 3, ""tier1_score"": 0.5, ""tier2_score"": 0.4, ""tier3_score"": 0.15, ""diagnostics"": {""primary_path"": {""tier2"": ""fallback_local"", ""tier3"": ""fallback_relational""}, ""services"": {""cohere"": {""used"": false, ""ok"": null, ""skipped_reason"": ""disabled""}, ""qdrant"": {""used"": false, ""ok"": null, ""skipped_reason"": ""disabled""}, ""neo4j"": {""used"": false, ""ok"": null, ""skipped_reason"": ""disabled""}, ""jina"": {""used"": false, ""ok"": null, ""skipped_reason"": ""disabled""}}, ""fallbacks"": [{""component"": ""qdrant"", ""fallback"": ""local_similarity"", ""reason"": ""disabled""}, {""component"": ""neo4j"", ""fallback"": ""relational_graph"", ""reason"": ""disabled""}], ""timing_ms"": {""tier1"": 536, ""tier2"": 273, ""tier3"": 278, ""total"": 1616}}}",{},3629,2026-02-22 07:30:41.274206+00
a4aad506-f334-4b24-99bc-792be23a58ed,35813bda-fa76-4709-b19d-490d5ed972cc,policy_engine,completed,"{""layer"": 2, ""ruleset_id"": ""a3606082-8539-4a3f-a7fa-9bdab93dd8f1"", ""status"": ""APPROVE"", ""rules_failed"": [], ""rules_flagged"": [], ""recommended_amount"": 385000.0, ""analytics_tags"": {""policy_violation_count"": 0, ""doc_gaps_count"": 0, ""hard_reject"": false, ""review_required"": false}}",{},846,2026-02-22 16:31:20.875509+00
a503fe13-0f5d-4ced-b00d-38df1f8167c0,507923d5-c5fb-47db-abe9-48d58d828ab7,fraud_engine,started,{},{},,2026-02-22 11:04:23.155341+00
a53f4e5d-0d2c-4e6d-b7c3-c68e789c9c7b,507923d5-c5fb-47db-abe9-48d58d828ab7,fraud_engine,completed,"{""fraud_score"": 0.35, ""risk_band"": ""medium"", ""recommended_action"": ""manual_review"", ""tiers_evaluated"": 3, ""tier1_score"": 0.5, ""tier2_score"": 0.4, ""tier3_score"": 0.2, ""diagnostics"": {""primary_path"": {""tier2"": ""fallback_local"", ""tier3"": ""fallback_relational""}, ""services"": {""cohere"": {""used"": false, ""ok"": null, ""skipped_reason"": ""disabled""}, ""qdrant"": {""used"": false, ""ok"": null, ""skipped_reason"": ""disabled""}, ""jina"": {""used"": false, ""ok"": null, ""skipped_reason"": ""disabled""}, ""neo4j"": {""used"": false, ""ok"": null, ""skipped_reason"": ""disabled""}}, ""fallbacks"": [{""component"": ""tier2"", ""fallback"": ""fallback_local"", ""reason"": ""disabled""}, {""component"": ""tier3"", ""fallback"": ""fallback_relational"", ""reason"": ""disabled""}], ""timing_ms"": {""tier1"": 551, ""tier2"": 271, ""tier3"": 282, ""total"": 1656}}}",{},3760,2026-02-22 09:02:12.691295+00
a6950cfd-dfc3-4d2d-9c37-15baf9953482,507923d5-c5fb-47db-abe9-48d58d828ab7,fraud_engine,started,{},{},,2026-02-22 10:59:41.170789+00
a724d0b5-1ca9-4717-8376-63ec6b4288c3,2d40ed8b-b505-4fdf-91e5-1dd8b2dacef9,fraud_engine,started,{},{},,2026-02-22 08:59:22.462985+00
a96b54e2-9c05-41b4-a71d-86fe044ff642,2d40ed8b-b505-4fdf-91e5-1dd8b2dacef9,fraud_engine,completed,"{""fraud_score"": 0.115, ""risk_band"": ""low"", ""recommended_action"": ""none"", ""tiers_evaluated"": 3, ""tier1_score"": 0.0, ""tier2_score"": 0.25, ""tier3_score"": 0.1, ""diagnostics"": {""primary_path"": {""tier2"": ""fallback_local"", ""tier3"": ""fallback_relational""}, ""services"": {""cohere"": {""used"": false, ""ok"": null, ""skipped_reason"": ""disabled""}, ""qdrant"": {""used"": false, ""ok"": null, ""skipped_reason"": ""disabled""}, ""neo4j"": {""used"": false, ""ok"": null, ""skipped_reason"": ""disabled""}, ""jina"": {""used"": false, ""ok"": null, ""skipped_reason"": ""disabled""}}, ""fallbacks"": [{""component"": ""qdrant"", ""fallback"": ""local_similarity"", ""reason"": ""disabled""}, {""component"": ""neo4j"", ""fallback"": ""relational_graph"", ""reason"": ""disabled""}], ""timing_ms"": {""tier1"": 600, ""tier2"": 331, ""tier3"": 303, ""total"": 1836}}}",{},4087,2026-02-22 07:58:51.306726+00
a97fba3f-916d-46fe-8327-abfcbbaa6dc8,507923d5-c5fb-47db-abe9-48d58d828ab7,fraud_engine,completed,"{""fraud_score"": 0.15, ""risk_band"": ""low"", ""recommended_action"": ""none"", ""tiers_evaluated"": 3, ""tier1_score"": 0.5, ""tier2_score"": 0.0, ""tier3_score"": 0.0, ""diagnostics"": {""primary_path"": {""tier2"": ""qdrant"", ""tier3"": ""neo4j""}, ""services"": {""jina"": {""used"": true, ""ok"": false, ""fallback_used"": false, ""latency_ms"": 1103, ""error"": ""Jina HTTP error: 422 Client Error: Unprocessable Entity for url: https://api.jina.ai/v1/embeddings""}, ""cohere"": {""used"": false, ""ok"": null, ""skipped_reason"": ""already embedded""}, ""qdrant"": {""used"": true, ""ok"": true, ""fallback_used"": false, ""latency_ms"": 279}, ""neo4j"": {""used"": true, ""ok"": true, ""fallback_used"": false, ""latency_ms"": 576}}, ""fallbacks"": [], ""timing_ms"": {""tier1"": 546, ""tier2"": 4601, ""tier3"": 576, ""total"": 6268}}}",{},8851,2026-02-22 10:50:32.340695+00
aa6b37d7-ece3-458d-8113-0bbbefb6c44d,507923d5-c5fb-47db-abe9-48d58d828ab7,fraud_engine,completed,"{""fraud_score"": 0.15, ""risk_band"": ""low"", ""recommended_action"": ""none"", ""tiers_evaluated"": 3, ""tier1_score"": 0.5, ""tier2_score"": 0.0, ""tier3_score"": 0.0, ""diagnostics"": {""primary_path"": {""tier2"": ""qdrant"", ""tier3"": ""neo4j""}, ""services"": {""jina"": {""used"": true, ""ok"": false, ""fallback_used"": false, ""latency_ms"": 1161, ""error"": ""Jina HTTP error: 422 Client Error: Unprocessable Entity for url: https://api.jina.ai/v1/embeddings""}, ""cohere"": {""used"": false, ""ok"": null, ""skipped_reason"": ""already embedded""}, ""qdrant"": {""used"": true, ""ok"": true, ""fallback_used"": false, ""latency_ms"": 280}, ""neo4j"": {""used"": true, ""ok"": true, ""fallback_used"": false, ""latency_ms"": 724}}, ""fallbacks"": [], ""timing_ms"": {""tier1"": 580, ""tier2"": 5370, ""tier3"": 724, ""total"": 7248}}}",{},10080,2026-02-22 10:53:03.772243+00
abf5fba8-9562-4cea-afc5-c028c491d045,2d40ed8b-b505-4fdf-91e5-1dd8b2dacef9,fraud_engine,started,{},{},,2026-02-22 09:31:20.076637+00
aeaa517a-7d65-48e1-b136-0349e0a6531a,507923d5-c5fb-47db-abe9-48d58d828ab7,fraud_engine,started,{},{},,2026-02-22 10:14:44.949537+00
b0881cf2-a376-48b1-9cbd-174f72b2b958,507923d5-c5fb-47db-abe9-48d58d828ab7,fraud_engine,completed,"{""fraud_score"": 0.35, ""risk_band"": ""medium"", ""recommended_action"": ""manual_review"", ""tiers_evaluated"": 3, ""tier1_score"": 0.5, ""tier2_score"": 0.4, ""tier3_score"": 0.2, ""diagnostics"": {""primary_path"": {""tier2"": ""fallback_local"", ""tier3"": ""fallback_relational""}, ""services"": {""cohere"": {""used"": false, ""ok"": null, ""skipped_reason"": ""disabled""}, ""qdrant"": {""used"": false, ""ok"": null, ""skipped_reason"": ""disabled""}, ""jina"": {""used"": false, ""ok"": null, ""skipped_reason"": ""disabled""}, ""neo4j"": {""used"": true, ""ok"": false, ""fallback_used"": false, ""latency_ms"": 0, ""error"": ""Neo4j not initialized""}}, ""fallbacks"": [{""component"": ""tier2"", ""fallback"": ""fallback_local"", ""reason"": ""disabled""}, {""component"": ""tier3"", ""fallback"": ""fallback_relational"", ""reason"": ""upsert failed: Neo4j not initialized""}], ""timing_ms"": {""tier1"": 562, ""tier2"": 289, ""tier3"": 300, ""total"": 1718}}}",{},4485,2026-02-22 10:13:31.095221+00
b099c963-5e47-406b-9edc-b38b05dab86a,507923d5-c5fb-47db-abe9-48d58d828ab7,fraud_engine,started,{},{},,2026-02-22 09:27:10.742456+00
b0bc43b9-4bc9-4194-a1bc-73af822db1c0,0c64728e-5183-4e82-9a7d-904159739ca8,policy_engine,started,{},{},,2026-02-22 16:31:22.989806+00
b10c3fe1-92c2-4aee-8e0c-1392a879cbc0,507923d5-c5fb-47db-abe9-48d58d828ab7,fraud_engine,started,{},{},,2026-02-22 11:01:56.03195+00
b177d3ec-7161-4100-906e-d7c2784ca73e,507923d5-c5fb-47db-abe9-48d58d828ab7,fraud_engine,completed,"{""fraud_score"": 0.35, ""risk_band"": ""medium"", ""recommended_action"": ""manual_review"", ""tiers_evaluated"": 3, ""tier1_score"": 0.5, ""tier2_score"": 0.4, ""tier3_score"": 0.2, ""diagnostics"": {""primary_path"": {""tier2"": ""fallback_local"", ""tier3"": ""fallback_relational""}, ""services"": {""jina"": {""used"": false, ""ok"": null, ""skipped_reason"": ""disabled""}, ""cohere"": {""used"": true, ""ok"": false, ""fallback_used"": false, ""latency_ms"": 0, ""error"": ""cohere package not installed""}, ""neo4j"": {""used"": false, ""ok"": null, ""skipped_reason"": ""disabled""}}, ""fallbacks"": [{""component"": ""tier2"", ""fallback"": ""fallback_local"", ""reason"": ""cohere failed: cohere package not installed""}, {""component"": ""tier3"", ""fallback"": ""fallback_relational"", ""reason"": ""disabled""}], ""timing_ms"": {""tier1"": 555, ""tier2"": 268, ""tier3"": 337, ""total"": 1719}}}",{},4475,2026-02-22 09:27:15.218385+00
b1fbb435-2252-4e6b-96a4-f4ce5483e63b,507923d5-c5fb-47db-abe9-48d58d828ab7,fraud_engine,completed,"{""fraud_score"": 0.35, ""risk_band"": ""medium"", ""recommended_action"": ""manual_review"", ""tiers_evaluated"": 3, ""tier1_score"": 0.5, ""tier2_score"": 0.4, ""tier3_score"": 0.2, ""diagnostics"": {""primary_path"": {""tier2"": ""fallback_local"", ""tier3"": ""fallback_relational""}, ""services"": {""jina"": {""used"": true, ""ok"": false, ""fallback_used"": false, ""latency_ms"": 0, ""error"": ""missing JINA_API_KEY""}, ""cohere"": {""used"": true, ""ok"": false, ""fallback_used"": false, ""latency_ms"": 0, ""error"": ""cohere package not installed""}, ""neo4j"": {""used"": false, ""ok"": null, ""skipped_reason"": ""disabled""}}, ""fallbacks"": [{""component"": ""tier2"", ""fallback"": ""fallback_local"", ""reason"": ""cohere failed: cohere package not installed""}, {""component"": ""tier3"", ""fallback"": ""fallback_relational"", ""reason"": ""disabled""}], ""timing_ms"": {""tier1"": 609, ""tier2"": 741, ""tier3"": 286, ""total"": 2203}}}",{},4954,2026-02-22 10:13:40.78208+00
b4a3a964-9d20-4257-a5cf-ab6700ef9c5f,d3f3ad89-04d7-4b86-b5e4-394bfe42aa57,fraud_engine,completed,"{""fraud_score"": 0.33, ""risk_band"": ""medium"", ""recommended_action"": ""manual_review"", ""tiers_evaluated"": 3, ""tier1_score"": 0.5, ""tier2_score"": 0.4, ""tier3_score"": 0.15, ""diagnostics"": {""primary_path"": {""tier2"": ""fallback_local"", ""tier3"": ""fallback_relational""}, ""services"": {""cohere"": {""used"": false, ""ok"": null, ""skipped_reason"": ""disabled""}, ""qdrant"": {""used"": false, ""ok"": null, ""skipped_reason"": ""disabled""}, ""neo4j"": {""used"": false, ""ok"": null, ""skipped_reason"": ""disabled""}, ""jina"": {""used"": false, ""ok"": null, ""skipped_reason"": ""disabled""}}, ""fallbacks"": [{""component"": ""qdrant"", ""fallback"": ""local_similarity"", ""reason"": ""disabled""}, {""component"": ""neo4j"", ""fallback"": ""relational_graph"", ""reason"": ""disabled""}], ""timing_ms"": {""tier1"": 550, ""tier2"": 286, ""tier3"": 271, ""total"": 1639}}}",{},3692,2026-02-22 07:30:31.385989+00
b5139129-1c99-4931-9728-2305fcd09b4c,dd9701c6-620a-4956-a0e5-e88a845ae924,policy_engine,completed,"{""layer"": 2, ""ruleset_id"": ""a3606082-8539-4a3f-a7fa-9bdab93dd8f1"", ""status"": ""APPROVE"", ""rules_failed"": [], ""rules_flagged"": [], ""recommended_amount"": 450000.0, ""analytics_tags"": {""policy_violation_count"": 0, ""doc_gaps_count"": 0, ""hard_reject"": false, ""review_required"": false}}",{},927,2026-02-21 12:37:30.17567+00
b540eece-f9eb-4722-af97-b5bade1266ff,507923d5-c5fb-47db-abe9-48d58d828ab7,fraud_engine,completed,"{""fraud_score"": 0.35, ""risk_band"": ""medium"", ""recommended_action"": ""manual_review"", ""tiers_evaluated"": 3, ""tier1_score"": 0.5, ""tier2_score"": 0.4, ""tier3_score"": 0.2, ""diagnostics"": {""primary_path"": {""tier2"": ""fallback_local"", ""tier3"": ""fallback_relational""}, ""services"": {""jina"": {""used"": false, ""ok"": null, ""skipped_reason"": ""disabled""}, ""cohere"": {""used"": true, ""ok"": false, ""fallback_used"": false, ""latency_ms"": 0, ""error"": ""cohere package not installed""}, ""neo4j"": {""used"": false, ""ok"": null, ""skipped_reason"": ""disabled""}}, ""fallbacks"": [{""component"": ""tier2"", ""fallback"": ""fallback_local"", ""reason"": ""cohere failed: cohere package not installed""}, {""component"": ""tier3"", ""fallback"": ""fallback_relational"", ""reason"": ""disabled""}], ""timing_ms"": {""tier1"": 568, ""tier2"": 279, ""tier3"": 277, ""total"": 1672}}}",{},4587,2026-02-22 09:27:52.595597+00
b59cacf0-e5cf-4795-b1dc-05c5c2b4b5d3,507923d5-c5fb-47db-abe9-48d58d828ab7,fraud_engine,started,{},{},,2026-02-22 10:56:10.498089+00
b8585950-88b5-4917-9353-fbd05ed0ed47,507923d5-c5fb-47db-abe9-48d58d828ab7,fraud_engine,completed,"{""fraud_score"": 0.15, ""risk_band"": ""low"", ""recommended_action"": ""none"", ""tiers_evaluated"": 3, ""tier1_score"": 0.5, ""tier2_score"": 0.0, ""tier3_score"": 0.0, ""diagnostics"": {""primary_path"": {""tier2"": ""qdrant"", ""tier3"": ""neo4j""}, ""services"": {""jina"": {""used"": false, ""ok"": null, ""skipped_reason"": ""already embedded""}, ""cohere"": {""used"": false, ""ok"": null, ""skipped_reason"": ""already embedded""}, ""qdrant"": {""used"": true, ""ok"": true, ""fallback_used"": false, ""latency_ms"": 279}, ""neo4j"": {""used"": true, ""ok"": true, ""fallback_used"": false, ""latency_ms"": 576}}, ""fallbacks"": [], ""timing_ms"": {""tier1"": 573, ""tier2"": 3388, ""tier3"": 576, ""total"": 5098}}}",{},7817,2026-02-22 11:04:45.510352+00
b86f15e9-f1a1-4d4b-a724-2d308ff47000,507923d5-c5fb-47db-abe9-48d58d828ab7,fraud_engine,completed,"{""fraud_score"": 0.15, ""risk_band"": ""low"", ""recommended_action"": ""none"", ""tiers_evaluated"": 3, ""tier1_score"": 0.5, ""tier2_score"": 0.0, ""tier3_score"": 0.0, ""diagnostics"": {""primary_path"": {""tier2"": ""qdrant"", ""tier3"": ""neo4j""}, ""services"": {""jina"": {""used"": true, ""ok"": false, ""fallback_used"": false, ""latency_ms"": 1290, ""error"": ""Jina HTTP error: 422 Client Error: Unprocessable Entity for url: https://api.jina.ai/v1/embeddings""}, ""cohere"": {""used"": false, ""ok"": null, ""skipped_reason"": ""already embedded""}, ""qdrant"": {""used"": true, ""ok"": true, ""fallback_used"": false, ""latency_ms"": 289}, ""neo4j"": {""used"": true, ""ok"": true, ""fallback_used"": false, ""latency_ms"": 610}}, ""fallbacks"": [], ""timing_ms"": {""tier1"": 568, ""tier2"": 4820, ""tier3"": 610, ""total"": 6586}}}",{},9389,2026-02-22 10:53:17.853888+00
b8936bb0-38b1-4c63-9e98-aff0085dd395,b6e94023-2764-4638-9a92-eca1515079d2,fraud_engine,completed,"{""fraud_score"": 0.0, ""risk_band"": ""low"", ""recommended_action"": ""none"", ""tiers_evaluated"": 3, ""tier1_score"": 0.0, ""tier2_score"": 0.0, ""tier3_score"": 0.0, ""diagnostics"": {""primary_path"": {""tier2"": ""fallback_local"", ""tier3"": ""fallback_relational""}, ""services"": {""cohere"": {""used"": false, ""ok"": null, ""skipped_reason"": ""disabled""}, ""qdrant"": {""used"": false, ""ok"": null, ""skipped_reason"": ""disabled""}, ""jina"": {""used"": false, ""ok"": null, ""skipped_reason"": ""disabled""}, ""neo4j"": {""used"": false, ""ok"": null, ""skipped_reason"": ""disabled""}}, ""fallbacks"": [{""component"": ""tier2"", ""fallback"": ""fallback_local"", ""reason"": ""disabled""}, {""component"": ""tier3"", ""fallback"": ""fallback_relational"", ""reason"": ""disabled""}], ""timing_ms"": {""tier1"": 609, ""tier2"": 307, ""tier3"": 355, ""total"": 1888}}}",{},4801,2026-02-22 09:31:32.634236+00
b8dcc593-e403-4135-8a95-bdf1394fc25c,dd9701c6-620a-4956-a0e5-e88a845ae924,fraud_engine,completed,"{""fraud_score"": 0.155, ""risk_band"": ""low"", ""recommended_action"": ""none"", ""tiers_evaluated"": 3, ""tier1_score"": 0.0, ""tier2_score"": 0.25, ""tier3_score"": 0.2, ""diagnostics"": {""primary_path"": {""tier2"": ""fallback_local"", ""tier3"": ""fallback_relational""}, ""services"": {""cohere"": {""used"": false, ""ok"": null, ""skipped_reason"": ""disabled""}, ""qdrant"": {""used"": false, ""ok"": null, ""skipped_reason"": ""disabled""}, ""jina"": {""used"": false, ""ok"": null, ""skipped_reason"": ""disabled""}, ""neo4j"": {""used"": false, ""ok"": null, ""skipped_reason"": ""disabled""}}, ""fallbacks"": [{""component"": ""tier2"", ""fallback"": ""fallback_local"", ""reason"": ""disabled""}, {""component"": ""tier3"", ""fallback"": ""fallback_relational"", ""reason"": ""disabled""}], ""timing_ms"": {""tier1"": 616, ""tier2"": 302, ""tier3"": 385, ""total"": 1904}}}",{},4957,2026-02-22 09:31:56.721953+00
ba5932ec-e1ae-48bc-873c-31d41a729c3c,b6e94023-2764-4638-9a92-eca1515079d2,fraud_engine,started,{},{},,2026-02-22 08:58:55.872718+00
bb61fd57-3ff5-4de5-aa7f-419f1a0808c6,507923d5-c5fb-47db-abe9-48d58d828ab7,fraud_engine,completed,"{""fraud_score"": 0.35, ""risk_band"": ""medium"", ""recommended_action"": ""manual_review"", ""tiers_evaluated"": 3, ""tier1_score"": 0.5, ""tier2_score"": 0.4, ""tier3_score"": 0.2, ""diagnostics"": {""primary_path"": {""tier2"": ""fallback_local"", ""tier3"": ""fallback_relational""}, ""services"": {""cohere"": {""used"": false, ""ok"": null, ""skipped_reason"": ""disabled""}, ""qdrant"": {""used"": false, ""ok"": null, ""skipped_reason"": ""disabled""}, ""jina"": {""used"": false, ""ok"": null, ""skipped_reason"": ""disabled""}, ""neo4j"": {""used"": false, ""ok"": null, ""skipped_reason"": ""disabled""}}, ""fallbacks"": [{""component"": ""tier2"", ""fallback"": ""fallback_local"", ""reason"": ""disabled""}, {""component"": ""tier3"", ""fallback"": ""fallback_relational"", ""reason"": ""disabled""}], ""timing_ms"": {""tier1"": 559, ""tier2"": 274, ""tier3"": 277, ""total"": 1673}}}",{},4317,2026-02-22 10:34:20.088708+00
beaf444f-e7c2-42c0-851d-7485f949b9b1,dd9701c6-620a-4956-a0e5-e88a845ae924,fraud_engine,started,{},{},,2026-02-22 08:06:42.011613+00
bf40bb62-fd74-4c15-9bcf-edec4692f28f,507923d5-c5fb-47db-abe9-48d58d828ab7,fraud_engine,started,{},{},,2026-02-22 11:01:16.405119+00
c01bfe8f-a32e-4c1d-b5da-569078185c16,507923d5-c5fb-47db-abe9-48d58d828ab7,fraud_engine,completed,"{""fraud_score"": 0.15, ""risk_band"": ""low"", ""recommended_action"": ""none"", ""tiers_evaluated"": 3, ""tier1_score"": 0.5, ""tier2_score"": 0.0, ""tier3_score"": 0.0, ""diagnostics"": {""primary_path"": {""tier2"": ""qdrant"", ""tier3"": ""neo4j""}, ""services"": {""jina"": {""used"": false, ""ok"": null, ""skipped_reason"": ""already embedded""}, ""cohere"": {""used"": false, ""ok"": null, ""skipped_reason"": ""already embedded""}, ""qdrant"": {""used"": true, ""ok"": true, ""fallback_used"": false, ""latency_ms"": 290}, ""neo4j"": {""used"": true, ""ok"": true, ""fallback_used"": false, ""latency_ms"": 614}}, ""fallbacks"": [], ""timing_ms"": {""tier1"": 589, ""tier2"": 3404, ""tier3"": 614, ""total"": 5239}}}",{},7996,2026-02-22 11:04:05.70419+00
c0231c5f-cfde-4ad9-b117-cf6d9dc010bd,507923d5-c5fb-47db-abe9-48d58d828ab7,fraud_engine,completed,"{""fraud_score"": 0.35, ""risk_band"": ""medium"", ""recommended_action"": ""manual_review"", ""tiers_evaluated"": 3, ""tier1_score"": 0.5, ""tier2_score"": 0.4, ""tier3_score"": 0.2, ""diagnostics"": {""primary_path"": {""tier2"": ""fallback_local"", ""tier3"": ""fallback_relational""}, ""services"": {""cohere"": {""used"": false, ""ok"": null, ""skipped_reason"": ""disabled""}, ""qdrant"": {""used"": false, ""ok"": null, ""skipped_reason"": ""disabled""}, ""jina"": {""used"": false, ""ok"": null, ""skipped_reason"": ""disabled""}, ""neo4j"": {""used"": false, ""ok"": null, ""skipped_reason"": ""disabled""}}, ""fallbacks"": [{""component"": ""tier2"", ""fallback"": ""fallback_local"", ""reason"": ""disabled""}, {""component"": ""tier3"", ""fallback"": ""fallback_relational"", ""reason"": ""disabled""}], ""timing_ms"": {""tier1"": 545, ""tier2"": 278, ""tier3"": 268, ""total"": 1629}}}",{},3627,2026-02-22 08:59:12.759457+00
c138eab0-7e85-43c9-87cd-fa07f8b3e9e4,b6e94023-2764-4638-9a92-eca1515079d2,fraud_engine,completed,"{""fraud_score"": 0.0, ""risk_band"": ""low"", ""recommended_action"": ""none"", ""tiers_evaluated"": 3, ""tier1_score"": 0.0, ""tier2_score"": 0.0, ""tier3_score"": 0.0, ""diagnostics"": {""primary_path"": {""tier2"": ""fallback_local"", ""tier3"": ""fallback_relational""}, ""services"": {""cohere"": {""used"": false, ""ok"": null, ""skipped_reason"": ""disabled""}, ""qdrant"": {""used"": false, ""ok"": null, ""skipped_reason"": ""disabled""}, ""jina"": {""used"": false, ""ok"": null, ""skipped_reason"": ""disabled""}, ""neo4j"": {""used"": false, ""ok"": null, ""skipped_reason"": ""disabled""}}, ""fallbacks"": [{""component"": ""tier2"", ""fallback"": ""fallback_local"", ""reason"": ""disabled""}, {""component"": ""tier3"", ""fallback"": ""fallback_relational"", ""reason"": ""disabled""}], ""timing_ms"": {""tier1"": 546, ""tier2"": 276, ""tier3"": 270, ""total"": 1648}}}",{},4276,2026-02-22 09:25:48.788682+00
c24a05b7-2d1e-4c55-b330-359a15921695,507923d5-c5fb-47db-abe9-48d58d828ab7,fraud_engine,started,{},{},,2026-02-22 09:27:47.997264+00
c3dd6e0f-ff06-4810-a656-17427572d5c2,dd9701c6-620a-4956-a0e5-e88a845ae924,policy_engine,started,{},{},,2026-02-22 07:29:54.155036+00
c4091c87-1d34-475c-a16b-c90ab95e420c,507923d5-c5fb-47db-abe9-48d58d828ab7,fraud_engine,started,{},{},,2026-02-22 10:15:12.134064+00
c46801d6-8129-4666-95d0-a801e2f6d35e,dd9701c6-620a-4956-a0e5-e88a845ae924,fraud_engine,completed,"{""fraud_score"": 0.115, ""risk_band"": ""low"", ""recommended_action"": ""none"", ""tiers_evaluated"": 3, ""tier1_score"": 0.0, ""tier2_score"": 0.25, ""tier3_score"": 0.1, ""diagnostics"": {""primary_path"": {""tier2"": ""fallback_local"", ""tier3"": ""fallback_relational""}, ""services"": {""cohere"": {""used"": false, ""ok"": null, ""skipped_reason"": ""disabled""}, ""qdrant"": {""used"": false, ""ok"": null, ""skipped_reason"": ""disabled""}, ""neo4j"": {""used"": false, ""ok"": null, ""skipped_reason"": ""disabled""}, ""jina"": {""used"": false, ""ok"": null, ""skipped_reason"": ""disabled""}}, ""fallbacks"": [{""component"": ""qdrant"", ""fallback"": ""local_similarity"", ""reason"": ""disabled""}, {""component"": ""neo4j"", ""fallback"": ""relational_graph"", ""reason"": ""disabled""}], ""timing_ms"": {""tier1"": 557, ""tier2"": 273, ""tier3"": 277, ""total"": 1657}}}",{},3813,2026-02-22 08:06:45.815122+00
c696d424-e6ac-48bf-83bb-8b71f5542f4e,d3f3ad89-04d7-4b86-b5e4-394bfe42aa57,fraud_engine,started,{},{},,2026-02-22 07:58:26.173165+00
c9120c85-dabb-4fa6-93f7-384f9c38862f,2d40ed8b-b505-4fdf-91e5-1dd8b2dacef9,fraud_engine,started,{},{},,2026-02-22 07:58:11.959536+00
c95e7dae-f7ef-4f3f-b401-853eba6cb4fe,507923d5-c5fb-47db-abe9-48d58d828ab7,fraud_engine,completed,"{""fraud_score"": 0.35, ""risk_band"": ""medium"", ""recommended_action"": ""manual_review"", ""tiers_evaluated"": 3, ""tier1_score"": 0.5, ""tier2_score"": 0.4, ""tier3_score"": 0.2, ""diagnostics"": {""primary_path"": {""tier2"": ""fallback_local"", ""tier3"": ""fallback_relational""}, ""services"": {""cohere"": {""used"": false, ""ok"": null, ""skipped_reason"": ""disabled""}, ""qdrant"": {""used"": false, ""ok"": null, ""skipped_reason"": ""disabled""}, ""jina"": {""used"": false, ""ok"": null, ""skipped_reason"": ""disabled""}, ""neo4j"": {""used"": false, ""ok"": null, ""skipped_reason"": ""disabled""}}, ""fallbacks"": [{""component"": ""tier2"", ""fallback"": ""fallback_local"", ""reason"": ""disabled""}, {""component"": ""tier3"", ""fallback"": ""fallback_relational"", ""reason"": ""disabled""}], ""timing_ms"": {""tier1"": 574, ""tier2"": 280, ""tier3"": 273, ""total"": 1686}}}",{},3782,2026-02-22 09:02:04.229726+00
caed2a26-698c-4cba-8151-d106d4ba34a7,507923d5-c5fb-47db-abe9-48d58d828ab7,fraud_engine,started,{},{},,2026-02-22 10:13:08.061071+00
cccf9538-b623-4bc6-9be7-fdf2d28845ba,507923d5-c5fb-47db-abe9-48d58d828ab7,fraud_engine,completed,"{""fraud_score"": 0.33, ""risk_band"": ""medium"", ""recommended_action"": ""manual_review"", ""tiers_evaluated"": 3, ""tier1_score"": 0.5, ""tier2_score"": 0.4, ""tier3_score"": 0.15, ""diagnostics"": {""primary_path"": {""tier2"": ""fallback_local"", ""tier3"": ""fallback_relational""}, ""services"": {""cohere"": {""used"": false, ""ok"": null, ""skipped_reason"": ""disabled""}, ""qdrant"": {""used"": false, ""ok"": null, ""skipped_reason"": ""disabled""}, ""neo4j"": {""used"": false, ""ok"": null, ""skipped_reason"": ""disabled""}, ""jina"": {""used"": false, ""ok"": null, ""skipped_reason"": ""disabled""}}, ""fallbacks"": [{""component"": ""qdrant"", ""fallback"": ""local_similarity"", ""reason"": ""disabled""}, {""component"": ""neo4j"", ""fallback"": ""relational_graph"", ""reason"": ""disabled""}], ""timing_ms"": {""tier1"": 547, ""tier2"": 291, ""tier3"": 276, ""total"": 1787}}}",{},4169,2026-02-22 08:07:13.315852+00
cf55766f-0453-42fb-8f73-6e9643b66124,dd9701c6-620a-4956-a0e5-e88a845ae924,fraud_engine,started,{},{},,2026-02-22 07:58:40.296556+00
d3c45f9a-b102-4d81-9f77-d555254b9843,507923d5-c5fb-47db-abe9-48d58d828ab7,fraud_engine,started,{},{},,2026-02-22 10:20:47.649711+00
d479f96e-3b37-491b-9b30-1661a9d73566,dd9701c6-620a-4956-a0e5-e88a845ae924,fraud_engine,completed,"{""fraud_score"": 0.155, ""risk_band"": ""low"", ""recommended_action"": ""none"", ""tiers_evaluated"": 3, ""tier1_score"": 0.0, ""tier2_score"": 0.25, ""tier3_score"": 0.2, ""diagnostics"": {""primary_path"": {""tier2"": ""fallback_local"", ""tier3"": ""fallback_relational""}, ""services"": {""cohere"": {""used"": false, ""ok"": null, ""skipped_reason"": ""disabled""}, ""qdrant"": {""used"": false, ""ok"": null, ""skipped_reason"": ""disabled""}, ""jina"": {""used"": false, ""ok"": null, ""skipped_reason"": ""disabled""}, ""neo4j"": {""used"": false, ""ok"": null, ""skipped_reason"": ""disabled""}}, ""fallbacks"": [{""component"": ""tier2"", ""fallback"": ""fallback_local"", ""reason"": ""disabled""}, {""component"": ""tier3"", ""fallback"": ""fallback_relational"", ""reason"": ""disabled""}], ""timing_ms"": {""tier1"": 623, ""tier2"": 345, ""tier3"": 362, ""total"": 1959}}}",{},5585,2026-02-22 09:31:16.925872+00
d500e338-1be8-418d-9daf-6a45211eb1b4,507923d5-c5fb-47db-abe9-48d58d828ab7,fraud_engine,completed,"{""fraud_score"": 0.35, ""risk_band"": ""medium"", ""recommended_action"": ""manual_review"", ""tiers_evaluated"": 3, ""tier1_score"": 0.5, ""tier2_score"": 0.4, ""tier3_score"": 0.2, ""diagnostics"": {""primary_path"": {""tier2"": ""fallback_local"", ""tier3"": ""fallback_relational""}, ""services"": {""cohere"": {""used"": false, ""ok"": null, ""skipped_reason"": ""disabled""}, ""qdrant"": {""used"": false, ""ok"": null, ""skipped_reason"": ""disabled""}, ""jina"": {""used"": false, ""ok"": null, ""skipped_reason"": ""disabled""}, ""neo4j"": {""used"": true, ""ok"": false, ""fallback_used"": false, ""latency_ms"": 0, ""error"": ""Neo4j not initialized""}}, ""fallbacks"": [{""component"": ""tier2"", ""fallback"": ""fallback_local"", ""reason"": ""disabled""}, {""component"": ""tier3"", ""fallback"": ""fallback_relational"", ""reason"": ""upsert failed: Neo4j not initialized""}], ""timing_ms"": {""tier1"": 555, ""tier2"": 278, ""tier3"": 274, ""total"": 1650}}}",{},4266,2026-02-22 10:34:47.297329+00
d60cab25-129c-4e76-8c02-dbac3bc0f37e,507923d5-c5fb-47db-abe9-48d58d828ab7,fraud_engine,completed,"{""fraud_score"": 0.27, ""risk_band"": ""low"", ""recommended_action"": ""none"", ""tiers_evaluated"": 3, ""tier1_score"": 0.5, ""tier2_score"": 0.4, ""tier3_score"": 0.0, ""diagnostics"": {""primary_path"": {""tier2"": ""fallback_local"", ""tier3"": ""neo4j""}, ""services"": {""jina"": {""used"": true, ""ok"": false, ""fallback_used"": false, ""latency_ms"": 8344, ""error"": ""Jina HTTP error: HTTPSConnectionPool(host='api.jina.ai', port=443): Read timed out. (read timeout=8)""}, ""neo4j"": {""used"": true, ""ok"": true, ""fallback_used"": false, ""latency_ms"": 606}}, ""fallbacks"": [{""component"": ""tier2"", ""fallback"": ""fallback_local"", ""reason"": ""budget exceeded after media""}], ""timing_ms"": {""tier1"": 550, ""tier2"": 11211, ""tier3"": 607, ""total"": 12923}}}",{},15548,2026-02-22 10:49:50.980607+00
d70f7be9-4a72-4703-8659-64061ffca570,507923d5-c5fb-47db-abe9-48d58d828ab7,fraud_engine,completed,"{""fraud_score"": 0.35, ""risk_band"": ""medium"", ""recommended_action"": ""manual_review"", ""tiers_evaluated"": 3, ""tier1_score"": 0.5, ""tier2_score"": 0.4, ""tier3_score"": 0.2, ""diagnostics"": {""primary_path"": {""tier2"": ""fallback_local"", ""tier3"": ""fallback_relational""}, ""services"": {""cohere"": {""used"": false, ""ok"": null, ""skipped_reason"": ""disabled""}, ""qdrant"": {""used"": false, ""ok"": null, ""skipped_reason"": ""disabled""}, ""jina"": {""used"": false, ""ok"": null, ""skipped_reason"": ""disabled""}, ""neo4j"": {""used"": false, ""ok"": null, ""skipped_reason"": ""disabled""}}, ""fallbacks"": [{""component"": ""tier2"", ""fallback"": ""fallback_local"", ""reason"": ""disabled""}, {""component"": ""tier3"", ""fallback"": ""fallback_relational"", ""reason"": ""disabled""}], ""timing_ms"": {""tier1"": 1003, ""tier2"": 294, ""tier3"": 312, ""total"": 2227}}}",{},5152,2026-02-22 09:31:48.498558+00
d80b34cb-d42f-4f5b-bd1a-ed460d00f27a,507923d5-c5fb-47db-abe9-48d58d828ab7,fraud_engine,completed,"{""fraud_score"": 0.35, ""risk_band"": ""medium"", ""recommended_action"": ""manual_review"", ""tiers_evaluated"": 3, ""tier1_score"": 0.5, ""tier2_score"": 0.4, ""tier3_score"": 0.2, ""diagnostics"": {""primary_path"": {""tier2"": ""fallback_local"", ""tier3"": ""fallback_relational""}, ""services"": {""jina"": {""used"": false, ""ok"": null, ""skipped_reason"": ""disabled""}, ""cohere"": {""used"": true, ""ok"": false, ""fallback_used"": false, ""latency_ms"": 0, ""error"": ""cohere package not installed""}, ""neo4j"": {""used"": false, ""ok"": null, ""skipped_reason"": ""disabled""}}, ""fallbacks"": [{""component"": ""tier2"", ""fallback"": ""fallback_local"", ""reason"": ""cohere failed: cohere package not installed""}, {""component"": ""tier3"", ""fallback"": ""fallback_relational"", ""reason"": ""disabled""}], ""timing_ms"": {""tier1"": 558, ""tier2"": 274, ""tier3"": 378, ""total"": 1780}}}",{},4825,2026-02-22 09:03:00.492148+00
d8dd0ed3-2c4a-4399-aef8-8bdbc1a749f5,507923d5-c5fb-47db-abe9-48d58d828ab7,fraud_engine,started,{},{},,2026-02-22 16:36:11.469034+00
d98e4706-3064-48f9-8d2a-3a76c455c576,507923d5-c5fb-47db-abe9-48d58d828ab7,fraud_engine,started,{},{},,2026-02-22 10:42:39.631548+00
d9ee535d-6aba-4887-a7c1-bd2ffdfa7cdb,2d40ed8b-b505-4fdf-91e5-1dd8b2dacef9,fraud_engine,started,{},{},,2026-02-22 08:07:16.61254+00
ddb363e4-5d81-4ae1-ad03-2df33fe0006a,507923d5-c5fb-47db-abe9-48d58d828ab7,fraud_engine,completed,"{""fraud_score"": 0.35, ""risk_band"": ""medium"", ""recommended_action"": ""manual_review"", ""tiers_evaluated"": 3, ""tier1_score"": 0.5, ""tier2_score"": 0.4, ""tier3_score"": 0.2, ""diagnostics"": {""primary_path"": {""tier2"": ""fallback_local"", ""tier3"": ""fallback_relational""}, ""services"": {""jina"": {""used"": true, ""ok"": false, ""fallback_used"": false, ""latency_ms"": 0, ""error"": ""missing JINA_API_KEY""}, ""cohere"": {""used"": true, ""ok"": false, ""fallback_used"": false, ""latency_ms"": 0, ""error"": ""missing COHERE_API_KEY""}, ""neo4j"": {""used"": false, ""ok"": null, ""skipped_reason"": ""disabled""}}, ""fallbacks"": [{""component"": ""tier2"", ""fallback"": ""fallback_local"", ""reason"": ""cohere failed: missing COHERE_API_KEY""}, {""component"": ""tier3"", ""fallback"": ""fallback_relational"", ""reason"": ""disabled""}], ""timing_ms"": {""tier1"": 551, ""tier2"": 1135, ""tier3"": 303, ""total"": 2548}}}",{},5273,2026-02-22 10:34:57.249725+00
de9d8d85-9d2a-4fb2-8815-740574ad7f67,507923d5-c5fb-47db-abe9-48d58d828ab7,fraud_engine,started,{},{},,2026-02-22 10:56:24.708083+00
e0a940ad-e3be-418b-8f9b-065de9b1638e,507923d5-c5fb-47db-abe9-48d58d828ab7,fraud_engine,completed,"{""fraud_score"": 0.35, ""risk_band"": ""medium"", ""recommended_action"": ""manual_review"", ""tiers_evaluated"": 3, ""tier1_score"": 0.5, ""tier2_score"": 0.4, ""tier3_score"": 0.2, ""diagnostics"": {""primary_path"": {""tier2"": ""fallback_local"", ""tier3"": ""fallback_relational""}, ""services"": {""jina"": {""used"": false, ""ok"": null, ""skipped_reason"": ""disabled""}, ""cohere"": {""used"": true, ""ok"": false, ""fallback_used"": false, ""latency_ms"": 0, ""error"": ""missing COHERE_API_KEY""}, ""neo4j"": {""used"": false, ""ok"": null, ""skipped_reason"": ""disabled""}}, ""fallbacks"": [{""component"": ""tier2"", ""fallback"": ""fallback_local"", ""reason"": ""cohere failed: missing COHERE_API_KEY""}, {""component"": ""tier3"", ""fallback"": ""fallback_relational"", ""reason"": ""disabled""}], ""timing_ms"": {""tier1"": 558, ""tier2"": 276, ""tier3"": 277, ""total"": 1671}}}",{},4333,2026-02-22 10:35:06.439195+00
e110e125-c5d3-408f-92d1-691a9414b7f5,507923d5-c5fb-47db-abe9-48d58d828ab7,fraud_engine,started,{},{},,2026-02-22 10:21:14.821301+00
e24399f4-f70c-40af-98b3-72c40d03e4cc,507923d5-c5fb-47db-abe9-48d58d828ab7,fraud_engine,started,{},{},,2026-02-22 09:03:14.159765+00
e29e8419-a169-4484-842f-1104af1ccc29,34492399-dfe0-4851-9573-0df8e8c5cde8,policy_engine,started,{},{},,2026-02-22 16:31:24.960006+00
e2f7a80f-9f20-4090-84e1-d77007b49d9e,b6e94023-2764-4638-9a92-eca1515079d2,policy_engine,started,{},{},,2026-02-21 12:37:27.025903+00
e2fa981e-4201-4e8b-91c5-fad119803719,507923d5-c5fb-47db-abe9-48d58d828ab7,fraud_engine,started,{},{},,2026-02-22 09:01:51.523906+00
e3762c57-e36d-47f6-9a0b-f206fad0d4b0,2d40ed8b-b505-4fdf-91e5-1dd8b2dacef9,fraud_engine,started,{},{},,2026-02-22 09:26:13.718617+00
e4ac8c59-51ed-4776-8356-9704e0fc8f84,507923d5-c5fb-47db-abe9-48d58d828ab7,fraud_engine,started,{},{},,2026-02-22 10:15:21.7213+00
e4ec12ca-192d-4c14-a3b5-e5af95529f98,507923d5-c5fb-47db-abe9-48d58d828ab7,fraud_engine,started,{},{},,2026-02-22 10:15:03.133238+00
e4f6d218-6dc1-43b6-8080-2df7bdf7df1c,2d40ed8b-b505-4fdf-91e5-1dd8b2dacef9,fraud_engine,completed,"{""fraud_score"": 0.155, ""risk_band"": ""low"", ""recommended_action"": ""none"", ""tiers_evaluated"": 3, ""tier1_score"": 0.0, ""tier2_score"": 0.25, ""tier3_score"": 0.2, ""diagnostics"": {""primary_path"": {""tier2"": ""fallback_local"", ""tier3"": ""fallback_relational""}, ""services"": {""cohere"": {""used"": false, ""ok"": null, ""skipped_reason"": ""disabled""}, ""qdrant"": {""used"": false, ""ok"": null, ""skipped_reason"": ""disabled""}, ""jina"": {""used"": false, ""ok"": null, ""skipped_reason"": ""disabled""}, ""neo4j"": {""used"": false, ""ok"": null, ""skipped_reason"": ""disabled""}}, ""fallbacks"": [{""component"": ""tier2"", ""fallback"": ""fallback_local"", ""reason"": ""disabled""}, {""component"": ""tier3"", ""fallback"": ""fallback_relational"", ""reason"": ""disabled""}], ""timing_ms"": {""tier1"": 536, ""tier2"": 265, ""tier3"": 268, ""total"": 1614}}}",{},3644,2026-02-22 08:59:26.107563+00
e64e6cd2-4549-4ecd-9792-bb1e3b706248,b6e94023-2764-4638-9a92-eca1515079d2,fraud_engine,completed,"{""fraud_score"": 0.0, ""risk_band"": ""low"", ""recommended_action"": ""none"", ""tiers_evaluated"": 3, ""tier1_score"": 0.0, ""tier2_score"": 0.0, ""tier3_score"": 0.0, ""diagnostics"": {""primary_path"": {""tier2"": ""fallback_local"", ""tier3"": ""fallback_relational""}, ""services"": {""cohere"": {""used"": false, ""ok"": null, ""skipped_reason"": ""disabled""}, ""qdrant"": {""used"": false, ""ok"": null, ""skipped_reason"": ""disabled""}, ""jina"": {""used"": false, ""ok"": null, ""skipped_reason"": ""disabled""}, ""neo4j"": {""used"": false, ""ok"": null, ""skipped_reason"": ""disabled""}}, ""fallbacks"": [{""component"": ""tier2"", ""fallback"": ""fallback_local"", ""reason"": ""disabled""}, {""component"": ""tier3"", ""fallback"": ""fallback_relational"", ""reason"": ""disabled""}], ""timing_ms"": {""tier1"": 531, ""tier2"": 274, ""tier3"": 266, ""total"": 1621}}}",{},3709,2026-02-22 08:58:59.57927+00
e7130945-0350-4b7f-bd87-7ed3189ab1f1,507923d5-c5fb-47db-abe9-48d58d828ab7,fraud_engine,completed,"{""fraud_score"": 0.15, ""risk_band"": ""low"", ""recommended_action"": ""none"", ""tiers_evaluated"": 3, ""tier1_score"": 0.5, ""tier2_score"": 0.0, ""tier3_score"": 0.0, ""diagnostics"": {""primary_path"": {""tier2"": ""qdrant"", ""tier3"": ""neo4j""}, ""services"": {""jina"": {""used"": true, ""ok"": false, ""fallback_used"": false, ""latency_ms"": 1122, ""error"": ""Jina HTTP error: 422 Client Error: Unprocessable Entity for url: https://api.jina.ai/v1/embeddings""}, ""cohere"": {""used"": false, ""ok"": null, ""skipped_reason"": ""already embedded""}, ""qdrant"": {""used"": true, ""ok"": true, ""fallback_used"": false, ""latency_ms"": 272}, ""neo4j"": {""used"": true, ""ok"": true, ""fallback_used"": false, ""latency_ms"": 528}}, ""fallbacks"": [], ""timing_ms"": {""tier1"": 590, ""tier2"": 4718, ""tier3"": 528, ""total"": 6409}}}",{},9133,2026-02-22 10:53:31.632074+00
e84d7d78-cca0-49db-976e-114b5aed2978,2d40ed8b-b505-4fdf-91e5-1dd8b2dacef9,fraud_engine,completed,"{""fraud_score"": 0.115, ""risk_band"": ""low"", ""recommended_action"": ""none"", ""tiers_evaluated"": 3, ""tier1_score"": 0.0, ""tier2_score"": 0.25, ""tier3_score"": 0.1, ""diagnostics"": {""primary_path"": {""tier2"": ""fallback_local"", ""tier3"": ""fallback_relational""}, ""services"": {""cohere"": {""used"": false, ""ok"": null, ""skipped_reason"": ""disabled""}, ""qdrant"": {""used"": false, ""ok"": null, ""skipped_reason"": ""disabled""}, ""neo4j"": {""used"": false, ""ok"": null, ""skipped_reason"": ""disabled""}, ""jina"": {""used"": false, ""ok"": null, ""skipped_reason"": ""disabled""}}, ""fallbacks"": [{""component"": ""qdrant"", ""fallback"": ""local_similarity"", ""reason"": ""disabled""}, {""component"": ""neo4j"", ""fallback"": ""relational_graph"", ""reason"": ""disabled""}], ""timing_ms"": {""tier1"": 753, ""tier2"": 268, ""tier3"": 270, ""total"": 1839}}}",{},3913,2026-02-22 08:06:52.70545+00
e906b3f0-198e-4354-9b54-d5a7b5d82a2a,507923d5-c5fb-47db-abe9-48d58d828ab7,fraud_engine,completed,"{""fraud_score"": 0.15, ""risk_band"": ""low"", ""recommended_action"": ""none"", ""tiers_evaluated"": 3, ""tier1_score"": 0.5, ""tier2_score"": 0.0, ""tier3_score"": 0.0, ""diagnostics"": {""primary_path"": {""tier2"": ""qdrant"", ""tier3"": ""neo4j""}, ""services"": {""jina"": {""used"": false, ""ok"": null, ""skipped_reason"": ""already embedded""}, ""cohere"": {""used"": false, ""ok"": null, ""skipped_reason"": ""already embedded""}, ""qdrant"": {""used"": true, ""ok"": true, ""fallback_used"": false, ""latency_ms"": 280}, ""neo4j"": {""used"": true, ""ok"": true, ""fallback_used"": false, ""latency_ms"": 636}}, ""fallbacks"": [], ""timing_ms"": {""tier1"": 579, ""tier2"": 3324, ""tier3"": 637, ""total"": 5109}}}",{},7820,2026-02-22 10:59:22.135686+00
ec06a0bf-d520-4d43-86b5-08d962e6c875,507923d5-c5fb-47db-abe9-48d58d828ab7,fraud_engine,started,{},{},,2026-02-22 09:27:19.837378+00
ed85ae48-89de-481b-a980-0681c2a62382,b6e94023-2764-4638-9a92-eca1515079d2,fraud_engine,started,{},{},,2026-02-22 07:30:17.803319+00
eda03765-9e69-4a4b-819a-1e082a1018fb,507923d5-c5fb-47db-abe9-48d58d828ab7,fraud_engine,completed,"{""fraud_score"": 0.35, ""risk_band"": ""medium"", ""recommended_action"": ""manual_review"", ""tiers_evaluated"": 3, ""tier1_score"": 0.5, ""tier2_score"": 0.4, ""tier3_score"": 0.2, ""diagnostics"": {""primary_path"": {""tier2"": ""fallback_local"", ""tier3"": ""fallback_relational""}, ""services"": {""jina"": {""used"": false, ""ok"": null, ""skipped_reason"": ""disabled""}, ""cohere"": {""used"": true, ""ok"": false, ""fallback_used"": false, ""latency_ms"": 0, ""error"": ""cohere package not installed""}, ""neo4j"": {""used"": false, ""ok"": null, ""skipped_reason"": ""disabled""}}, ""fallbacks"": [{""component"": ""tier2"", ""fallback"": ""fallback_local"", ""reason"": ""cohere failed: cohere package not installed""}, {""component"": ""tier3"", ""fallback"": ""fallback_relational"", ""reason"": ""disabled""}], ""timing_ms"": {""tier1"": 551, ""tier2"": 274, ""tier3"": 274, ""total"": 1654}}}",{},4442,2026-02-22 10:14:58.37988+00
ef445c1b-af62-4eea-9626-1438ab737238,507923d5-c5fb-47db-abe9-48d58d828ab7,fraud_engine,started,{},{},,2026-02-22 11:01:03.847449+00
f01f8dde-50b1-40d4-b136-fe80e8990a67,507923d5-c5fb-47db-abe9-48d58d828ab7,fraud_engine,started,{},{},,2026-02-22 09:25:59.143333+00
f0362c07-61a3-4f0d-b342-ffa61e7bdfc2,507923d5-c5fb-47db-abe9-48d58d828ab7,fraud_engine,started,{},{},,2026-02-22 10:56:38.391693+00
f1330c8b-bf6b-4698-8509-9727785b3eaf,2d40ed8b-b505-4fdf-91e5-1dd8b2dacef9,fraud_engine,completed,"{""fraud_score"": 0.155, ""risk_band"": ""low"", ""recommended_action"": ""none"", ""tiers_evaluated"": 3, ""tier1_score"": 0.0, ""tier2_score"": 0.25, ""tier3_score"": 0.2, ""diagnostics"": {""primary_path"": {""tier2"": ""fallback_local"", ""tier3"": ""fallback_relational""}, ""services"": {""cohere"": {""used"": false, ""ok"": null, ""skipped_reason"": ""disabled""}, ""qdrant"": {""used"": false, ""ok"": null, ""skipped_reason"": ""disabled""}, ""jina"": {""used"": false, ""ok"": null, ""skipped_reason"": ""disabled""}, ""neo4j"": {""used"": false, ""ok"": null, ""skipped_reason"": ""disabled""}}, ""fallbacks"": [{""component"": ""tier2"", ""fallback"": ""fallback_local"", ""reason"": ""disabled""}, {""component"": ""tier3"", ""fallback"": ""fallback_relational"", ""reason"": ""disabled""}], ""timing_ms"": {""tier1"": 550, ""tier2"": 271, ""tier3"": 276, ""total"": 1680}}}",{},4284,2026-02-22 09:25:41.531118+00
f2a4aad4-99b8-4b32-8d9c-9b14f08bfe8f,507923d5-c5fb-47db-abe9-48d58d828ab7,fraud_engine,started,{},{},,2026-02-22 09:02:00.453272+00
f2afa8af-db84-4446-9795-835e1bf45408,507923d5-c5fb-47db-abe9-48d58d828ab7,fraud_engine,completed,"{""fraud_score"": 0.15, ""risk_band"": ""low"", ""recommended_action"": ""none"", ""tiers_evaluated"": 3, ""tier1_score"": 0.5, ""tier2_score"": 0.0, ""tier3_score"": 0.0, ""diagnostics"": {""primary_path"": {""tier2"": ""qdrant"", ""tier3"": ""neo4j""}, ""services"": {""jina"": {""used"": true, ""ok"": false, ""fallback_used"": false, ""latency_ms"": 1121, ""error"": ""Jina HTTP error: 422 Client Error: Unprocessable Entity for url: https://api.jina.ai/v1/embeddings""}, ""cohere"": {""used"": false, ""ok"": null, ""skipped_reason"": ""already embedded""}, ""qdrant"": {""used"": true, ""ok"": true, ""fallback_used"": false, ""latency_ms"": 289}, ""neo4j"": {""used"": true, ""ok"": true, ""fallback_used"": false, ""latency_ms"": 680}}, ""fallbacks"": [], ""timing_ms"": {""tier1"": 554, ""tier2"": 4626, ""tier3"": 680, ""total"": 6423}}}",{},9600,2026-02-22 10:56:20.097721+00
f3cfaff6-915f-460d-96f2-c18364cf40e7,507923d5-c5fb-47db-abe9-48d58d828ab7,fraud_engine,completed,"{""fraud_score"": 0.35, ""risk_band"": ""medium"", ""recommended_action"": ""manual_review"", ""tiers_evaluated"": 3, ""tier1_score"": 0.5, ""tier2_score"": 0.4, ""tier3_score"": 0.2, ""diagnostics"": {""primary_path"": {""tier2"": ""fallback_local"", ""tier3"": ""fallback_relational""}, ""services"": {""jina"": {""used"": true, ""ok"": false, ""fallback_used"": false, ""latency_ms"": 0, ""error"": ""missing JINA_API_KEY""}, ""cohere"": {""used"": true, ""ok"": false, ""fallback_used"": false, ""latency_ms"": 0, ""error"": ""cohere package not installed""}, ""neo4j"": {""used"": false, ""ok"": null, ""skipped_reason"": ""disabled""}}, ""fallbacks"": [{""component"": ""tier2"", ""fallback"": ""fallback_local"", ""reason"": ""cohere failed: cohere package not installed""}, {""component"": ""tier3"", ""fallback"": ""fallback_relational"", ""reason"": ""disabled""}], ""timing_ms"": {""tier1"": 551, ""tier2"": 689, ""tier3"": 283, ""total"": 2062}}}",{},4687,2026-02-22 10:15:16.82041+00
f3e52c9f-6f2e-4e4c-9c3a-c95255411ae8,2d40ed8b-b505-4fdf-91e5-1dd8b2dacef9,fraud_engine,started,{},{},,2026-02-22 07:30:07.946262+00
f55322fb-5036-4045-bdfc-b92f1062e878,507923d5-c5fb-47db-abe9-48d58d828ab7,fraud_engine,started,{},{},,2026-02-22 10:13:45.627051+00
f69da98e-b123-4e42-9a7f-701b2a451e6d,507923d5-c5fb-47db-abe9-48d58d828ab7,fraud_engine,completed,"{""fraud_score"": 0.35, ""risk_band"": ""medium"", ""recommended_action"": ""manual_review"", ""tiers_evaluated"": 3, ""tier1_score"": 0.5, ""tier2_score"": 0.4, ""tier3_score"": 0.2, ""diagnostics"": {""primary_path"": {""tier2"": ""fallback_local"", ""tier3"": ""fallback_relational""}, ""services"": {""jina"": {""used"": false, ""ok"": null, ""skipped_reason"": ""disabled""}, ""cohere"": {""used"": true, ""ok"": false, ""fallback_used"": false, ""latency_ms"": 0, ""error"": ""cohere package not installed""}, ""neo4j"": {""used"": false, ""ok"": null, ""skipped_reason"": ""disabled""}}, ""fallbacks"": [{""component"": ""tier2"", ""fallback"": ""fallback_local"", ""reason"": ""cohere failed: cohere package not installed""}, {""component"": ""tier3"", ""fallback"": ""fallback_relational"", ""reason"": ""disabled""}], ""timing_ms"": {""tier1"": 585, ""tier2"": 287, ""tier3"": 289, ""total"": 1760}}}",{},4513,2026-02-22 10:13:50.139028+00
f756beb0-fa1b-4d05-8e1c-a4fafcf147bf,507923d5-c5fb-47db-abe9-48d58d828ab7,fraud_engine,started,{},{},,2026-02-22 10:34:24.751748+00
f77301e4-3beb-4ff0-b5d6-c180841acba8,507923d5-c5fb-47db-abe9-48d58d828ab7,fraud_engine,completed,"{""fraud_score"": 0.35, ""risk_band"": ""medium"", ""recommended_action"": ""manual_review"", ""tiers_evaluated"": 3, ""tier1_score"": 0.5, ""tier2_score"": 0.4, ""tier3_score"": 0.2, ""diagnostics"": {""primary_path"": {""tier2"": ""fallback_local"", ""tier3"": ""fallback_relational""}, ""services"": {""cohere"": {""used"": false, ""ok"": null, ""skipped_reason"": ""disabled""}, ""qdrant"": {""used"": false, ""ok"": null, ""skipped_reason"": ""disabled""}, ""jina"": {""used"": false, ""ok"": null, ""skipped_reason"": ""disabled""}, ""neo4j"": {""used"": false, ""ok"": null, ""skipped_reason"": ""disabled""}}, ""fallbacks"": [{""component"": ""tier2"", ""fallback"": ""fallback_local"", ""reason"": ""disabled""}, {""component"": ""tier3"", ""fallback"": ""fallback_relational"", ""reason"": ""disabled""}], ""timing_ms"": {""tier1"": 593, ""tier2"": 301, ""tier3"": 308, ""total"": 1807}}}",{},4735,2026-02-22 10:13:02.987979+00
f924e17e-a899-4611-9e53-43a93c19c7ba,2d40ed8b-b505-4fdf-91e5-1dd8b2dacef9,fraud_engine,completed,"{""fraud_score"": 0.155, ""risk_band"": ""low"", ""recommended_action"": ""none"", ""tiers_evaluated"": 3, ""tier1_score"": 0.0, ""tier2_score"": 0.25, ""tier3_score"": 0.2, ""diagnostics"": {""primary_path"": {""tier2"": ""fallback_local"", ""tier3"": ""fallback_relational""}, ""services"": {""cohere"": {""used"": false, ""ok"": null, ""skipped_reason"": ""disabled""}, ""qdrant"": {""used"": false, ""ok"": null, ""skipped_reason"": ""disabled""}, ""jina"": {""used"": false, ""ok"": null, ""skipped_reason"": ""disabled""}, ""neo4j"": {""used"": false, ""ok"": null, ""skipped_reason"": ""disabled""}}, ""fallbacks"": [{""component"": ""tier2"", ""fallback"": ""fallback_local"", ""reason"": ""disabled""}, {""component"": ""tier3"", ""fallback"": ""fallback_relational"", ""reason"": ""disabled""}], ""timing_ms"": {""tier1"": 627, ""tier2"": 302, ""tier3"": 316, ""total"": 1864}}}",{},4802,2026-02-22 09:32:04.373308+00
f9f7ae63-af74-461f-97af-9839a6796a56,507923d5-c5fb-47db-abe9-48d58d828ab7,fraud_engine,started,{},{},,2026-02-22 16:35:45.253941+00
fa2f0e7e-d3b6-4457-a2d9-7f51e674fa2e,507923d5-c5fb-47db-abe9-48d58d828ab7,fraud_engine,started,{},{},,2026-02-22 10:43:22.560673+00
fb8b740a-1778-4054-8fa5-1af5e8247d51,507923d5-c5fb-47db-abe9-48d58d828ab7,fraud_engine,completed,"{""fraud_score"": 0.27, ""risk_band"": ""low"", ""recommended_action"": ""none"", ""tiers_evaluated"": 3, ""tier1_score"": 0.5, ""tier2_score"": 0.4, ""tier3_score"": 0.0, ""diagnostics"": {""primary_path"": {""tier2"": ""fallback_local"", ""tier3"": ""neo4j""}, ""services"": {""jina"": {""used"": true, ""ok"": false, ""fallback_used"": false, ""latency_ms"": 1224, ""error"": ""Jina HTTP error: 422 Client Error: Unprocessable Entity for url: https://api.jina.ai/v1/embeddings""}, ""cohere"": {""used"": false, ""ok"": null, ""skipped_reason"": ""already embedded""}, ""qdrant"": {""used"": true, ""ok"": false, ""fallback_used"": false, ""latency_ms"": 0, ""error"": ""Search error: 'QdrantClient' object has no attribute 'search'""}, ""neo4j"": {""used"": true, ""ok"": true, ""fallback_used"": false, ""latency_ms"": 591}}, ""fallbacks"": [{""component"": ""tier2"", ""fallback"": ""fallback_local"", ""reason"": ""qdrant search failed: Search error: 'QdrantClient' object has no attribute 'search'""}], ""timing_ms"": {""tier1"": 612, ""tier2"": 4858, ""tier3"": 591, ""total"": 6667}}}",{},9546,2026-02-22 10:43:17.621339+00
fbef5cdd-6b3c-47a4-9c0b-755f67f3aec0,2d40ed8b-b505-4fdf-91e5-1dd8b2dacef9,fraud_engine,started,{},{},,2026-02-22 09:31:59.573316+00
fc59a097-df58-4c47-86db-77b133965c44,dd9701c6-620a-4956-a0e5-e88a845ae924,fraud_engine,started,{},{},,2026-02-22 07:58:04.708806+00
fcffac1b-a1e4-4a70-929a-98a61337bedf,507923d5-c5fb-47db-abe9-48d58d828ab7,fraud_engine,started,{},{},,2026-02-22 10:34:15.768906+00
fd38cf6f-b5a4-4de8-b086-db843e5efe16,dd9701c6-620a-4956-a0e5-e88a845ae924,fraud_engine,completed,"{""fraud_score"": 0.155, ""risk_band"": ""low"", ""recommended_action"": ""none"", ""tiers_evaluated"": 3, ""tier1_score"": 0.0, ""tier2_score"": 0.25, ""tier3_score"": 0.2, ""diagnostics"": {""primary_path"": {""tier2"": ""fallback_local"", ""tier3"": ""fallback_relational""}, ""services"": {""cohere"": {""used"": false, ""ok"": null, ""skipped_reason"": ""disabled""}, ""qdrant"": {""used"": false, ""ok"": null, ""skipped_reason"": ""disabled""}, ""jina"": {""used"": false, ""ok"": null, ""skipped_reason"": ""disabled""}, ""neo4j"": {""used"": false, ""ok"": null, ""skipped_reason"": ""disabled""}}, ""fallbacks"": [{""component"": ""tier2"", ""fallback"": ""fallback_local"", ""reason"": ""disabled""}, {""component"": ""tier3"", ""fallback"": ""fallback_relational"", ""reason"": ""disabled""}], ""timing_ms"": {""tier1"": 554, ""tier2"": 267, ""tier3"": 284, ""total"": 1679}}}",{},4696,2026-02-22 09:25:34.296608+00
fddfe994-de85-49ab-832b-b3f5a0484cde,507923d5-c5fb-47db-abe9-48d58d828ab7,fraud_engine,started,{},{},,2026-02-22 10:59:26.823176+00